rank,variant,task,feature,selection_prob,n_selected,n_subsamples,pair_support,stable
1,plain,y,C01__NODE_10_length_33835_cov_21.090793_52,0.46,23,50,465,False
2,plain,y,C14__NODE_170_length_10501_cov_9.320218_7,0.32,16,50,186,False
3,plain,y,H14__NODE_21_length_15283_cov_7.116759_12,0.32,16,50,950,False
4,plain,y,GCA_900066595_Protein1409,0.28,14,50,636,False
5,plain,y,GCA_003574295_Protein118,0.26,13,50,5398,False
6,plain,y,GCA_000154105_Protein2784,0.26,13,50,926,False
7,plain,y,GCA_000174195_Protein794,0.24,12,50,2178,False
8,plain,y,GCA_018326305_Protein1890,0.24,12,50,366,False
9,plain,y,C15__NODE_12_length_17098_cov_709.668134_7,0.24,12,50,488,False
10,plain,y,A25__NODE_7_length_24704_cov_15.038501_23,0.22,11,50,366,False
11,plain,y,GCA_019042245_Protein3663,0.22,11,50,1034,False
12,plain,y,A07__NODE_38_length_16884_cov_6.471210_12,0.22,11,50,1074,False
13,plain,y,C03__NODE_8_length_37361_cov_25.472230_10,0.2,10,50,515,False
14,plain,y,GCA_900095835_Protein1187,0.2,10,50,890,False
15,plain,y,GCA_003339845_Protein572,0.2,10,50,5766,False
16,plain,y,GCA_008016795_Protein1175,0.2,10,50,546,False
17,plain,y,GCA_900142955_Protein1457,0.18,9,50,488,False
18,plain,y,GCA_902810075_Protein2492,0.18,9,50,1201,False
19,plain,y,H29__NODE_93_length_7021_cov_6.125897_4,0.18,9,50,154,False
20,plain,y,C27__NODE_32_length_11314_cov_19.339018_7,0.18,9,50,2399,False
21,plain,y,GCA_019042245_Protein2934,0.16,8,50,546,False
22,plain,y,GCA_002159265_Protein1479,0.16,8,50,306,False
23,plain,y,H10__NODE_18_length_17444_cov_992.972914_8,0.16,8,50,3673,False
24,plain,y,GCA_000173675_Protein2171,0.16,8,50,579,False
25,plain,y,H05__NODE_10_length_20290_cov_5.584038_21,0.14,7,50,869,False
26,plain,y,GCA_012034405_Protein1066,0.14,7,50,1302,False
27,plain,y,GCA_900095835_Protein1414,0.14,7,50,276,False
28,plain,y,GCA_000157955_Protein1615,0.14,7,50,306,False
29,plain,y,H25__NODE_77_length_6143_cov_4.881735_6,0.14,7,50,488,False
30,plain,y,H13__NODE_24_length_19605_cov_13.552225_29,0.14,7,50,579,False
31,plain,y,GCA_000174895_Protein1336,0.14,7,50,5674,False
32,plain,y,H30__NODE_2_length_44606_cov_690.508743_10,0.14,7,50,1049,False
33,plain,y,N04__NODE_17_length_42870_cov_27.292504_36,0.14,7,50,2308,False
34,plain,y,GCA_000154465_Protein145,0.14,7,50,670,False
35,plain,y,GCA_002159175_Protein732,0.14,7,50,838,False
36,plain,y,GCA_003254255_Protein1953,0.14,7,50,761,False
37,plain,y,GCA_003977605_Protein1265,0.14,7,50,579,False
38,plain,y,GCA_009911595_Protein1011,0.12,6,50,579,False
39,plain,y,GCA_002159175_Protein991,0.12,6,50,515,False
40,plain,y,GCA_002895535_Protein4074,0.12,6,50,522,False
41,plain,y,GCA_011754305_Protein1175,0.12,6,50,1074,False
42,plain,y,H13__NODE_44_length_14275_cov_6.931364_15,0.12,6,50,306,False
43,plain,y,GCA_009911595_Protein3444,0.12,6,50,604,False
44,plain,y,GCA_003148945_Protein2836,0.12,6,50,215,False
45,plain,y,GCA_001688845_Protein1327,0.12,6,50,1034,False
46,plain,y,GCA_016901815_Protein128,0.12,6,50,1761,False
47,plain,y,GCA_000364165_Protein1844,0.12,6,50,397,False
48,plain,y,GCA_000467935_Protein1089,0.12,6,50,1806,False
49,plain,y,GCA_000156055_Protein1955,0.12,6,50,1466,False
50,plain,y,H27__NODE_124_length_5797_cov_8.936199_6,0.12,6,50,670,False
51,plain,y,GCA_016791685_Protein3406,0.12,6,50,154,False
52,plain,y,GCA_900141895_Protein1426,0.1,5,50,1227,False
53,plain,y,GCA_000022065_Protein2882,0.1,5,50,2490,False
54,plain,y,A06__NODE_8_length_18409_cov_23.192601_35,0.1,5,50,546,False
55,plain,y,GCA_900771915_Protein62,0.1,5,50,1266,False
56,plain,y,GCA_900538735_Protein1103,0.1,5,50,890,False
57,plain,y,GCA_900176335_Protein2323,0.1,5,50,890,False
58,plain,y,H02__NODE_10_length_39575_cov_129.850506_19,0.1,5,50,2672,False
59,plain,y,GCA_014287795_Protein1509,0.1,5,50,488,False
60,plain,y,GCA_014287995_Protein2499,0.1,5,50,1580,False
61,plain,y,C13__NODE_23_length_19190_cov_7.937810_18,0.1,5,50,982,False
62,plain,y,GCA_000467935_Protein407,0.1,5,50,2178,False
63,plain,y,GCA_006965445_Protein1896,0.1,5,50,4185,False
64,plain,y,GCA_002161285_Protein3758,0.1,5,50,306,False
65,plain,y,GCA_003129965_Protein852,0.1,5,50,488,False
66,plain,y,H13__NODE_9_length_39936_cov_11.831699_41,0.1,5,50,488,False
67,plain,y,GCA_011082265_Protein51,0.1,5,50,943,False
68,plain,y,GCA_000154285_Protein288,0.1,5,50,62,False
69,plain,y,GCA_900048895_Protein370,0.1,5,50,1216,False
70,plain,y,GCA_016899585_Protein2478,0.1,5,50,488,False
71,plain,y,GCA_906464915_Protein2138,0.1,5,50,154,False
72,plain,y,GCA_000154505_Protein3176,0.1,5,50,215,False
73,plain,y,GCA_017873235_Protein2085,0.1,5,50,1944,False
74,plain,y,GCA_014467055_Protein2237,0.1,5,50,1166,False
75,plain,y,GCA_000407585_Protein2324,0.1,5,50,579,False
76,plain,y,GCA_001486665_Protein242,0.08,4,50,3098,False
77,plain,y,GCA_003149065_Protein461,0.08,4,50,1626,False
78,plain,y,H13__NODE_54_length_11661_cov_21.872049_2,0.08,4,50,515,False
79,plain,y,H05__NODE_10_length_20290_cov_5.584038_28,0.08,4,50,397,False
80,plain,y,GCA_014174405_Protein1030,0.08,4,50,1580,False
81,plain,y,C14__NODE_61_length_20730_cov_5.039033_8,0.08,4,50,604,False
82,plain,y,GCA_000468015_Protein2181,0.08,4,50,1307,False
83,plain,y,GCA_013282095_Protein523,0.08,4,50,636,False
84,plain,y,GCA_004216775_Protein2515,0.08,4,50,706,False
85,plain,y,GCA_000686145_Protein1322,0.08,4,50,186,False
86,plain,y,GCA_003478995_Protein2384,0.08,4,50,456,False
87,plain,y,H19__NODE_16_length_31916_cov_20.748878_3,0.08,4,50,574,False
88,plain,y,H15__NODE_116_length_9962_cov_9.527910_6,0.08,4,50,996,False
89,plain,y,GCA_001405075_Protein899,0.08,4,50,522,False
90,plain,y,A09__NODE_18_length_33099_cov_24.371232_2,0.08,4,50,279,False
91,plain,y,GCA_014333425_Protein2250,0.08,4,50,488,False
92,plain,y,H14__NODE_3_length_61128_cov_17.781016_71,0.08,4,50,488,False
93,plain,y,GCA_014467055_Protein2549,0.08,4,50,306,False
94,plain,y,GCA_000157955_Protein1329,0.08,4,50,215,False
95,plain,y,GCA_019042245_Protein1417,0.08,4,50,3696,False
96,plain,y,GCA_910586985_Protein1716,0.08,4,50,2510,False
97,plain,y,C14__NODE_174_length_10381_cov_7.379043_2,0.08,4,50,1850,False
98,plain,y,GCA_015667795_Protein1879,0.08,4,50,1762,False
99,plain,y,GCA_903797705_Protein4551,0.08,4,50,1850,False
100,plain,y,GCA_000196535_Protein688,0.08,4,50,1671,False
101,plain,y,GCA_000173795_Protein1237,0.08,4,50,306,False
102,plain,y,GCA_900176035_Protein1470,0.08,4,50,4743,False
103,plain,y,C29__NODE_3_length_56965_cov_31.474381_62,0.08,4,50,604,False
104,plain,y,GCA_900112485_Protein402,0.08,4,50,636,False
105,plain,y,C17__NODE_50_length_6129_cov_4.371419_12,0.08,4,50,1138,False
106,plain,y,A09__NODE_165_length_5005_cov_8.422424_7,0.08,4,50,606,False
107,plain,y,H28__NODE_9_length_32951_cov_10.586941_25,0.08,4,50,744,False
108,plain,y,GCA_002250835_Protein1897,0.08,4,50,215,False
109,plain,y,H27__NODE_10_length_41236_cov_122.978340_43,0.08,4,50,456,False
110,plain,y,H22__NODE_25_length_11457_cov_12.433871_1,0.06,3,50,1036,False
111,plain,y,H25__NODE_32_length_14866_cov_16.966579_12,0.06,3,50,726,False
112,plain,y,H27__NODE_15_length_35026_cov_70.940465_37,0.06,3,50,306,False
113,plain,y,A16__NODE_15_length_18394_cov_10.996783_6,0.06,3,50,1102,False
114,plain,y,A28__NODE_9_length_29102_cov_12.365064_11,0.06,3,50,306,False
115,plain,y,GCA_001688705_Protein1583,0.06,3,50,430,False
116,plain,y,GCA_003434585_Protein146,0.06,3,50,614,False
117,plain,y,GCA_000875895_Protein1135,0.06,3,50,338,False
118,plain,y,GCA_004216775_Protein944,0.06,3,50,614,False
119,plain,y,GCA_006965445_Protein2035,0.06,3,50,306,False
120,plain,y,GCA_004216775_Protein2601,0.06,3,50,614,False
121,plain,y,GCA_000746025_Protein2659,0.06,3,50,4938,False
122,plain,y,H16__NODE_2_length_58101_cov_142.738345_21,0.06,3,50,488,False
123,plain,y,H15__NODE_10_length_37791_cov_15.286861_46,0.06,3,50,579,False
124,plain,y,H19__NODE_16_length_31916_cov_20.748878_26,0.06,3,50,852,False
125,plain,y,C21__NODE_107_length_9552_cov_9.549542_7,0.06,3,50,662,False
126,plain,y,C19__NODE_9_length_40963_cov_54.196783_59,0.06,3,50,154,False
127,plain,y,GCA_900624825_Protein4789,0.06,3,50,488,False
128,plain,y,C11__NODE_28_length_12669_cov_227.502061_3,0.06,3,50,1446,False
129,plain,y,C08__NODE_5_length_36245_cov_50.918403_44,0.06,3,50,3558,False
130,plain,y,H02__NODE_110_length_7897_cov_4.085182_10,0.06,3,50,816,False
131,plain,y,H02__NODE_92_length_8525_cov_10.457497_12,0.06,3,50,1982,False
132,plain,y,GCA_910586985_Protein1182,0.06,3,50,720,False
133,plain,y,GCA_000189595_Protein3506,0.06,3,50,1771,False
134,plain,y,GCA_000177355_Protein1252,0.06,3,50,154,False
135,plain,y,GCA_018326305_Protein1152,0.06,3,50,215,False
136,plain,y,GCA_018375435_Protein1983,0.06,3,50,579,False
137,plain,y,GCA_000204395_Protein593,0.06,3,50,636,False
138,plain,y,A21__NODE_15_length_12187_cov_14.461342_4,0.06,3,50,488,False
139,plain,y,GCA_003859815_Protein2290,0.06,3,50,1902,False
140,plain,y,A04__NODE_21_length_10279_cov_8.776213_12,0.06,3,50,606,False
141,plain,y,GCA_002251245_Protein2048,0.06,3,50,522,False
142,plain,y,H28__NODE_5_length_46875_cov_36.332080_48,0.06,3,50,215,False
143,plain,y,H25__NODE_85_length_5489_cov_10.155870_3,0.06,3,50,338,False
144,plain,y,GCA_000239335_Protein2063,0.06,3,50,430,False
145,plain,y,GCA_000270205_Protein811,0.06,3,50,4938,False
146,plain,y,C29__NODE_3_length_56965_cov_31.474381_60,0.06,3,50,62,False
147,plain,y,H13__NODE_49_length_12986_cov_61.192251_7,0.06,3,50,574,False
148,plain,y,GCA_000371425_Protein3143,0.06,3,50,430,False
149,plain,y,GCA_014288125_Protein2215,0.06,3,50,486,False
150,plain,y,GCA_014982975_Protein2785,0.06,3,50,1307,False
151,plain,y,GCA_900112915_Protein1301,0.06,3,50,456,False
152,plain,y,GCA_000020605_Protein1053,0.06,3,50,372,False
153,plain,y,C17__NODE_12_length_22046_cov_14.765768_29,0.06,3,50,1258,False
154,plain,y,C14__NODE_56_length_21663_cov_29.504397_6,0.06,3,50,3006,False
155,plain,y,C13__NODE_9_length_34200_cov_21.840621_43,0.06,3,50,366,False
156,plain,y,H05__NODE_10_length_20290_cov_5.584038_19,0.06,3,50,486,False
157,plain,y,GCA_014229965_Protein1410,0.06,3,50,1542,False
158,plain,y,C27__NODE_10_length_29049_cov_6.428640_38,0.06,3,50,426,False
159,plain,y,GCA_000473365_Protein4481,0.06,3,50,636,False
160,plain,y,C24__NODE_10_length_42702_cov_61.440969_69,0.06,3,50,486,False
161,plain,y,GCA_900155415_Protein2146,0.06,3,50,1380,False
162,plain,y,GCA_019551475_Protein96,0.06,3,50,2436,False
163,plain,y,H28__NODE_8_length_28341_cov_269.395140_31,0.06,3,50,246,False
164,plain,y,H30__NODE_34_length_6592_cov_6.130641_5,0.06,3,50,430,False
165,plain,y,A06__NODE_8_length_18409_cov_23.192601_37,0.06,3,50,670,False
166,plain,y,A04__NODE_1_length_94911_cov_294.596262_65,0.06,3,50,276,False
167,plain,y,GCA_000759185_Protein863,0.04,2,50,246,False
168,plain,y,GCA_004793465_Protein139,0.04,2,50,4662,False
169,plain,y,GCA_004554775_Protein2086,0.04,2,50,398,False
170,plain,y,GCA_001022195_Protein4326,0.04,2,50,154,False
171,plain,y,C24__NODE_65_length_8970_cov_6.542008_1,0.04,2,50,154,False
172,plain,y,C27__NODE_1_length_65457_cov_550.938641_47,0.04,2,50,306,False
173,plain,y,GCA_900625025_Protein48,0.04,2,50,215,False
174,plain,y,C21__NODE_17_length_38839_cov_24.768255_17,0.04,2,50,338,False
175,plain,y,GCA_900625105_Protein2636,0.04,2,50,1590,False
176,plain,y,GCA_900625105_Protein314,0.04,2,50,1216,False
177,plain,y,H16__NODE_1_length_106936_cov_55.682338_11,0.04,2,50,798,False
178,plain,y,GCA_000735515_Protein98,0.04,2,50,5301,False
179,plain,y,GCA_000746025_Protein1060,0.04,2,50,1860,False
180,plain,y,GCA_900318255_Protein1880,0.04,2,50,852,False
181,plain,y,A14__NODE_2_length_61894_cov_91.622843_41,0.04,2,50,798,False
182,plain,y,A17__NODE_3_length_35420_cov_19.619992_29,0.04,2,50,1583,False
183,plain,y,A14__NODE_11_length_34033_cov_7.771705_3,0.04,2,50,750,False
184,plain,y,A17__NODE_20_length_7936_cov_130.339297_2,0.04,2,50,906,False
185,plain,y,H24__NODE_45_length_10345_cov_7.134694_18,0.04,2,50,366,False
186,plain,y,GCA_003433985_Protein1149,0.04,2,50,943,False
187,plain,y,GCA_001487105_Protein589,0.04,2,50,215,False
188,plain,y,A14__NODE_7_length_44617_cov_61.804654_57,0.04,2,50,520,False
189,plain,y,C04__NODE_27_length_19529_cov_7.990860_6,0.04,2,50,338,False
190,plain,y,C03__NODE_8_length_37361_cov_25.472230_46,0.04,2,50,636,False
191,plain,y,GCA_003269275_Protein1043,0.04,2,50,397,False
192,plain,y,GCA_001695645_Protein1848,0.04,2,50,798,False
193,plain,y,H15__NODE_23_length_23380_cov_17.569946_35,0.04,2,50,306,False
194,plain,y,GCA_009911595_Protein2479,0.04,2,50,397,False
195,plain,y,GCA_004557645_Protein2060,0.04,2,50,852,False
196,plain,y,GCA_005844425_Protein1263,0.04,2,50,3764,False
197,plain,y,GCA_009696005_Protein1558,0.04,2,50,1176,False
198,plain,y,GCA_008807835_Protein264,0.04,2,50,276,False
199,plain,y,C14__NODE_26_length_29221_cov_24.667798_38,0.04,2,50,750,False
200,plain,y,GCA_000145275_Protein2757,0.04,2,50,604,False
201,plain,y,GCA_000020165_Protein1620,0.04,2,50,982,False
202,plain,y,H14__NODE_15_length_18041_cov_15.486267_15,0.04,2,50,778,False
203,plain,y,C02__NODE_50_length_7275_cov_7.643629_4,0.04,2,50,276,False
204,plain,y,H13__NODE_4_length_52479_cov_21.975414_16,0.04,2,50,215,False
205,plain,y,H11__NODE_1_length_45578_cov_110.023087_31,0.04,2,50,3498,False
206,plain,y,C30__NODE_13_length_41470_cov_31.404008_41,0.04,2,50,546,False
207,plain,y,GCA_000703065_Protein109,0.04,2,50,1350,False
208,plain,y,GCA_000364245_Protein2125,0.04,2,50,1944,False
209,plain,y,GCA_900100595_Protein1146,0.04,2,50,1216,False
210,plain,y,GCA_900111235_Protein1646,0.04,2,50,1718,False
211,plain,y,GCA_000154345_Protein2643,0.04,2,50,515,False
212,plain,y,GCA_011082265_Protein1232,0.04,2,50,606,False
213,plain,y,C24__NODE_28_length_19545_cov_15.467265_20,0.04,2,50,761,False
214,plain,y,C24__NODE_14_length_33555_cov_75.844806_23,0.04,2,50,246,False
215,plain,y,C21__NODE_82_length_11468_cov_217.546657_6,0.04,2,50,706,False
216,plain,y,C14__NODE_28_length_28903_cov_47.891812_26,0.04,2,50,838,False
217,plain,y,GCA_000688375_Protein2549,0.04,2,50,338,False
218,plain,y,H05__NODE_8_length_25327_cov_16.400166_24,0.04,2,50,692,False
219,plain,y,GCA_000508905_Protein1069,0.04,2,50,636,False
220,plain,y,GCA_000508625_Protein618,0.04,2,50,750,False
221,plain,y,GCA_900169975_Protein1124,0.04,2,50,488,False
222,plain,y,GCA_900176035_Protein1091,0.04,2,50,1125,False
223,plain,y,GCA_900155415_Protein1947,0.04,2,50,726,False
224,plain,y,GCA_900155735_Protein1904,0.04,2,50,1216,False
225,plain,y,GCA_006965445_Protein631,0.04,2,50,456,False
226,plain,y,GCA_015140235_Protein1414,0.04,2,50,246,False
227,plain,y,GCA_015097275_Protein2786,0.04,2,50,522,False
228,plain,y,GCA_015667795_Protein1081,0.04,2,50,154,False
229,plain,y,GCA_015140235_Protein896,0.04,2,50,1356,False
230,plain,y,GCA_014384905_Protein2247,0.04,2,50,1190,False
231,plain,y,GCA_000307265_Protein923,0.04,2,50,456,False
232,plain,y,GCA_000233455_Protein102,0.04,2,50,706,False
233,plain,y,GCA_014333425_Protein1669,0.04,2,50,1034,False
234,plain,y,GCA_014287895_Protein2942,0.04,2,50,1536,False
235,plain,y,GCA_000242335_Protein1173,0.04,2,50,397,False
236,plain,y,GCA_000233955_Protein2638,0.04,2,50,306,False
237,plain,y,GCA_000235805_Protein1847,0.04,2,50,522,False
238,plain,y,GCA_000398925_Protein1835,0.04,2,50,2914,False
239,plain,y,GCA_000332875_Protein2575,0.04,2,50,4929,False
240,plain,y,GCA_000411555_Protein1229,0.04,2,50,693,False
241,plain,y,GCA_000403395_Protein80,0.04,2,50,488,False
242,plain,y,GCA_000009205_Protein840,0.04,2,50,338,False
243,plain,y,C30__NODE_10_length_48691_cov_235.733490_68,0.04,2,50,1316,False
244,plain,y,C30__NODE_14_length_32819_cov_47.423849_32,0.04,2,50,706,False
245,plain,y,GCA_000190535_Protein2036,0.04,2,50,488,False
246,plain,y,GCA_000184475_Protein2400,0.04,2,50,154,False
247,plain,y,GCA_000189595_Protein2819,0.04,2,50,1034,False
248,plain,y,GCA_000186945_Protein611,0.04,2,50,1190,False
249,plain,y,GCA_000158075_Protein2609,0.04,2,50,1209,False
250,plain,y,C14__NODE_23_length_30151_cov_21.759204_30,0.04,2,50,2651,False
251,plain,y,C13__NODE_89_length_5370_cov_4.293321_5,0.04,2,50,372,False
252,plain,y,GCA_000022065_Protein2859,0.04,2,50,397,False
253,plain,y,GCA_000158475_Protein1073,0.04,2,50,1674,False
254,plain,y,H01__NODE_2_length_30118_cov_8.770615_39,0.04,2,50,1122,False
255,plain,y,GCA_910577155_Protein1894,0.04,2,50,4521,False
256,plain,y,GCA_910584935_Protein1360,0.04,2,50,1580,False
257,plain,y,H01__NODE_4_length_12775_cov_32.861557_7,0.04,2,50,397,False
258,plain,y,GCA_019120295_Protein746,0.04,2,50,693,False
259,plain,y,C21__NODE_15_length_40896_cov_86.593693_18,0.04,2,50,154,False
260,plain,y,GCA_018919205_Protein1657,0.04,2,50,1049,False
261,plain,y,GCA_000178155_Protein898,0.04,2,50,465,False
262,plain,y,GCA_000186945_Protein37,0.04,2,50,750,False
263,plain,y,GCA_000169235_Protein1507,0.04,2,50,636,False
264,plain,y,GCA_000210095_Protein685,0.04,2,50,1125,False
265,plain,y,GCA_000185145_Protein1125,0.04,2,50,366,False
266,plain,y,GCA_000205165_Protein78,0.04,2,50,546,False
267,plain,y,GCA_000205165_Protein1069,0.04,2,50,306,False
268,plain,y,GCA_000215085_Protein2764,0.04,2,50,215,False
269,plain,y,A07__NODE_31_length_18621_cov_8.669396_19,0.04,2,50,3127,False
270,plain,y,GCA_002160755_Protein1191,0.04,2,50,215,False
271,plain,y,H28__NODE_53_length_9119_cov_14.313327_3,0.04,2,50,306,False
272,plain,y,GCA_905200745_Protein813,0.04,2,50,706,False
273,plain,y,GCA_906464915_Protein371,0.04,2,50,1489,False
274,plain,y,GCA_002437945_Protein188,0.04,2,50,2256,False
275,plain,y,GCA_003043945_Protein1104,0.04,2,50,397,False
276,plain,y,GCA_003337415_Protein200,0.04,2,50,1446,False
277,plain,y,A23__NODE_1_length_103283_cov_55.075551_97,0.04,2,50,154,False
278,plain,y,H25__NODE_21_length_19529_cov_7.881278_2,0.04,2,50,338,False
279,plain,y,A24__NODE_1_length_94925_cov_114.201687_10,0.04,2,50,338,False
280,plain,y,H25__NODE_21_length_19529_cov_7.881278_29,0.04,2,50,398,False
281,plain,y,A18__NODE_4_length_35820_cov_135.279687_10,0.04,2,50,651,False
282,plain,y,GCA_003612395_Protein830,0.04,2,50,1074,False
283,plain,y,H26__NODE_20_length_5136_cov_9.237748_1,0.04,2,50,1278,False
284,plain,y,GCA_003480915_Protein3075,0.04,2,50,215,False
285,plain,y,GCA_003477705_Protein2704,0.04,2,50,750,False
286,plain,y,GCA_003480915_Protein694,0.04,2,50,522,False
287,plain,y,H30__NODE_2_length_44606_cov_690.508743_19,0.04,2,50,1761,False
288,plain,y,A07__NODE_131_length_7792_cov_4.376244_11,0.04,2,50,604,False
289,plain,y,A07__NODE_31_length_18621_cov_8.669396_17,0.04,2,50,154,False
290,plain,y,A06__NODE_8_length_18409_cov_23.192601_20,0.02,1,50,306,False
291,plain,y,H27__NODE_10_length_41236_cov_122.978340_72,0.02,1,50,488,False
292,plain,y,GCA_003481145_Protein2474,0.02,1,50,3742,False
293,plain,y,GCA_003481705_Protein1707,0.02,1,50,456,False
294,plain,y,GCA_003490325_Protein1049,0.02,1,50,430,False
295,plain,y,GCA_003612395_Protein2403,0.02,1,50,3852,False
296,plain,y,GCA_003478405_Protein2139,0.02,1,50,706,False
297,plain,y,GCA_003480915_Protein337,0.02,1,50,306,False
298,plain,y,GCA_002159265_Protein2846,0.02,1,50,246,False
299,plain,y,GCA_002159665_Protein1757,0.02,1,50,62,False
300,plain,y,GCA_002006495_Protein53,0.02,1,50,579,False
301,plain,y,A23__NODE_6_length_37675_cov_159.429240_6,0.02,1,50,614,False
302,plain,y,A21__NODE_5_length_57608_cov_38.497124_53,0.02,1,50,366,False
303,plain,y,H19__NODE_7_length_51999_cov_92.126810_40,0.02,1,50,306,False
304,plain,y,H19__NODE_8_length_50241_cov_77.219264_59,0.02,1,50,62,False
305,plain,y,H19__NODE_90_length_6013_cov_21.888218_5,0.02,1,50,807,False
306,plain,y,GCA_003337415_Protein4125,0.02,1,50,1227,False
307,plain,y,GCA_003020045_Protein2098,0.02,1,50,1405,False
308,plain,y,GCA_002251225_Protein1740,0.02,1,50,1266,False
309,plain,y,GCA_002449395_Protein1242,0.02,1,50,706,False
310,plain,y,GCA_002161055_Protein1483,0.02,1,50,522,False
311,plain,y,A25__NODE_2_length_41174_cov_28.989153_51,0.02,1,50,798,False
312,plain,y,A25__NODE_8_length_23516_cov_8.598951_39,0.02,1,50,306,False
313,plain,y,A24__NODE_19_length_19133_cov_15.132823_28,0.02,1,50,693,False
314,plain,y,A23__NODE_41_length_7272_cov_6.698213_7,0.02,1,50,798,False
315,plain,y,GCA_002224645_Protein3524,0.02,1,50,2829,False
316,plain,y,H28__NODE_6_length_42566_cov_236.302416_45,0.02,1,50,574,False
317,plain,y,H29__NODE_2_length_57374_cov_13.544252_55,0.02,1,50,279,False
318,plain,y,H28__NODE_4_length_58300_cov_177.984428_4,0.02,1,50,522,False
319,plain,y,H28__NODE_58_length_8327_cov_120.757012_7,0.02,1,50,306,False
320,plain,y,H28__NODE_5_length_46875_cov_36.332080_37,0.02,1,50,693,False
321,plain,y,H28__NODE_38_length_11851_cov_13.676924_6,0.02,1,50,852,False
322,plain,y,H28__NODE_45_length_10244_cov_16.749926_12,0.02,1,50,1944,False
323,plain,y,H27__NODE_141_length_6934_cov_11.927315_6,0.02,1,50,430,False
324,plain,y,GCA_002161055_Protein1586,0.02,1,50,4056,False
325,plain,y,GCA_902810075_Protein2783,0.02,1,50,486,False
326,plain,y,GCA_902810075_Protein3038,0.02,1,50,522,False
327,plain,y,GCA_905207485_Protein393,0.02,1,50,154,False
328,plain,y,C21__NODE_32_length_21899_cov_15.321553_7,0.02,1,50,62,False
329,plain,y,C21__NODE_46_length_16577_cov_14.642658_11,0.02,1,50,761,False
330,plain,y,C21__NODE_48_length_16273_cov_13.228512_10,0.02,1,50,456,False
331,plain,y,C21__NODE_7_length_59135_cov_97.282464_1,0.02,1,50,798,False
332,plain,y,C21__NODE_13_length_41786_cov_279.504541_30,0.02,1,50,1138,False
333,plain,y,C21__NODE_15_length_40896_cov_86.593693_19,0.02,1,50,798,False
334,plain,y,GCA_018917965_Protein78,0.02,1,50,982,False
335,plain,y,GCA_018918155_Protein1521,0.02,1,50,4583,False
336,plain,y,GCA_019008365_Protein78,0.02,1,50,5766,False
337,plain,y,GCA_018555355_Protein1676,0.02,1,50,5674,False
338,plain,y,GCA_018713335_Protein2412,0.02,1,50,306,False
339,plain,y,GCA_018228665_Protein1315,0.02,1,50,670,False
340,plain,y,GCA_018228705_Protein2984,0.02,1,50,1671,False
341,plain,y,GCA_018326305_Protein1006,0.02,1,50,798,False
342,plain,y,GCA_017168145_Protein2724,0.02,1,50,1671,False
343,plain,y,GCA_018223385_Protein510,0.02,1,50,215,False
344,plain,y,GCA_016902555_Protein152,0.02,1,50,3176,False
345,plain,y,GCA_017168145_Protein1686,0.02,1,50,397,False
346,plain,y,GCA_015832325_Protein5275,0.02,1,50,246,False
347,plain,y,GCA_016028675_Protein580,0.02,1,50,2638,False
348,plain,y,GCA_016618235_Protein3785,0.02,1,50,465,False
349,plain,y,GCA_000185145_Protein1021,0.02,1,50,397,False
350,plain,y,GCA_000185705_Protein3602,0.02,1,50,614,False
351,plain,y,GCA_000186945_Protein1835,0.02,1,50,2154,False
352,plain,y,GCA_000175795_Protein1229,0.02,1,50,430,False
353,plain,y,GCA_000173815_Protein1696,0.02,1,50,798,False
354,plain,y,GCA_000166035_Protein1566,0.02,1,50,397,False
355,plain,y,GCA_000166035_Protein358,0.02,1,50,926,False
356,plain,y,GCA_000210655_Protein1965,0.02,1,50,636,False
357,plain,y,GCA_000215085_Protein1757,0.02,1,50,852,False
358,plain,y,GCA_000205025_Protein79,0.02,1,50,62,False
359,plain,y,GCA_000210035_Protein2861,0.02,1,50,890,False
360,plain,y,GCA_000210095_Protein1490,0.02,1,50,614,False
361,plain,y,GCA_000204355_Protein679,0.02,1,50,1176,False
362,plain,y,GCA_000205025_Protein1287,0.02,1,50,62,False
363,plain,y,GCA_000205025_Protein1330,0.02,1,50,2730,False
364,plain,y,GCA_000205025_Protein377,0.02,1,50,62,False
365,plain,y,GCA_000189595_Protein1960,0.02,1,50,1718,False
366,plain,y,GCA_000022065_Protein1965,0.02,1,50,798,False
367,plain,y,GCA_000160495_Protein880,0.02,1,50,5586,False
368,plain,y,GCA_000160535_Protein1674,0.02,1,50,706,False
369,plain,y,GCA_000160575_Protein484,0.02,1,50,1208,False
370,plain,y,GCA_000160675_Protein244,0.02,1,50,693,False
371,plain,y,GCA_000158075_Protein1242,0.02,1,50,670,False
372,plain,y,GCA_000158075_Protein4858,0.02,1,50,816,False
373,plain,y,GCA_000155205_Protein1887,0.02,1,50,430,False
374,plain,y,GCA_000154465_Protein847,0.02,1,50,1716,False
375,plain,y,GCA_000154565_Protein1692,0.02,1,50,726,False
376,plain,y,GCA_019977655_Protein1087,0.02,1,50,1761,False
377,plain,y,GCA_019977655_Protein900,0.02,1,50,5766,False
378,plain,y,GCA_900011355_Protein1475,0.02,1,50,4422,False
379,plain,y,GCA_900011355_Protein1846,0.02,1,50,2086,False
380,plain,y,C13__NODE_39_length_14100_cov_52.984194_9,0.02,1,50,782,False
381,plain,y,C13__NODE_6_length_57527_cov_10.156755_39,0.02,1,50,62,False
382,plain,y,C13__NODE_6_length_57527_cov_10.156755_46,0.02,1,50,62,False
383,plain,y,C13__NODE_7_length_36043_cov_17.857786_28,0.02,1,50,246,False
384,plain,y,C13__NODE_8_length_34723_cov_9.728539_2,0.02,1,50,306,False
385,plain,y,GCA_910586985_Protein1884,0.02,1,50,1176,False
386,plain,y,GCA_015159595_Protein1580,0.02,1,50,614,False
387,plain,y,GCA_015550495_Protein232,0.02,1,50,4018,False
388,plain,y,GCA_014384905_Protein769,0.02,1,50,338,False
389,plain,y,GCA_014385005_Protein2643,0.02,1,50,1125,False
390,plain,y,GCA_014385025_Protein2765,0.02,1,50,5766,False
391,plain,y,GCA_014467055_Protein1478,0.02,1,50,2490,False
392,plain,y,GCA_014384885_Protein122,0.02,1,50,397,False
393,plain,y,GCA_014384885_Protein656,0.02,1,50,1284,False
394,plain,y,GCA_014384905_Protein1598,0.02,1,50,1405,False
395,plain,y,GCA_000307305_Protein1970,0.02,1,50,522,False
396,plain,y,GCA_000313565_Protein2300,0.02,1,50,706,False
397,plain,y,GCA_000313565_Protein2446,0.02,1,50,1034,False
398,plain,y,GCA_000285575_Protein2068,0.02,1,50,1216,False
399,plain,y,GCA_000244875_Protein2480,0.02,1,50,246,False
400,plain,y,GCA_000250635_Protein942,0.02,1,50,488,False
401,plain,y,GCA_000233955_Protein3178,0.02,1,50,1125,False
402,plain,y,GCA_000240185_Protein4543,0.02,1,50,522,False
403,plain,y,GCA_014333425_Protein1542,0.02,1,50,246,False
404,plain,y,GCA_014287995_Protein88,0.02,1,50,546,False
405,plain,y,GCA_014288125_Protein2431,0.02,1,50,3036,False
406,plain,y,GCA_014297285_Protein1213,0.02,1,50,2670,False
407,plain,y,GCA_014287995_Protein2163,0.02,1,50,5490,False
408,plain,y,GCA_014287995_Protein2961,0.02,1,50,1266,False
409,plain,y,GCA_014250685_Protein1252,0.02,1,50,2796,False
410,plain,y,GCA_014269355_Protein1842,0.02,1,50,2406,False
411,plain,y,GCA_000420465_Protein2654,0.02,1,50,744,False
412,plain,y,GCA_000398925_Protein2028,0.02,1,50,1086,False
413,plain,y,GCA_000398925_Protein446,0.02,1,50,366,False
414,plain,y,GCA_000403395_Protein2859,0.02,1,50,996,False
415,plain,y,GCA_000403435_Protein3411,0.02,1,50,397,False
416,plain,y,GCA_000407585_Protein1835,0.02,1,50,614,False
417,plain,y,GCA_000373865_Protein2178,0.02,1,50,706,False
418,plain,y,GCA_000373865_Protein719,0.02,1,50,2117,False
419,plain,y,GCA_000383295_Protein2815,0.02,1,50,430,False
420,plain,y,GCA_000313565_Protein640,0.02,1,50,761,False
421,plain,y,C01__NODE_13_length_28793_cov_46.574361_5,0.02,1,50,154,False
422,plain,y,H14__NODE_12_length_21610_cov_43.865507_17,0.02,1,50,488,False
423,plain,y,H13__NODE_4_length_52479_cov_21.975414_73,0.02,1,50,215,False
424,plain,y,GCA_000014725_Protein1012,0.02,1,50,4557,False
425,plain,y,C30__NODE_24_length_14417_cov_7.472149_20,0.02,1,50,279,False
426,plain,y,C29__NODE_38_length_8318_cov_5.092581_1,0.02,1,50,662,False
427,plain,y,GCA_900114405_Protein1143,0.02,1,50,5398,False
428,plain,y,GCA_900112485_Protein222,0.02,1,50,726,False
429,plain,y,GCA_900112915_Protein453,0.02,1,50,574,False
430,plain,y,GCA_900104565_Protein1279,0.02,1,50,852,False
431,plain,y,GCA_900108555_Protein2720,0.02,1,50,2068,False
432,plain,y,GCA_900109655_Protein2468,0.02,1,50,338,False
433,plain,y,GCA_900048895_Protein916,0.02,1,50,430,False
434,plain,y,GCA_900066595_Protein1573,0.02,1,50,1350,False
435,plain,y,GCA_900066595_Protein785,0.02,1,50,1626,False
436,plain,y,GCA_000154345_Protein193,0.02,1,50,2399,False
437,plain,y,GCA_000154365_Protein2076,0.02,1,50,4018,False
438,plain,y,GCA_000154105_Protein2227,0.02,1,50,338,False
439,plain,y,GCA_000154105_Protein3558,0.02,1,50,579,False
440,plain,y,GCA_000145275_Protein539,0.02,1,50,2829,False
441,plain,y,GCA_000152245_Protein1157,0.02,1,50,3069,False
442,plain,y,GCA_000152245_Protein1516,0.02,1,50,2196,False
443,plain,y,GCA_000020605_Protein1739,0.02,1,50,246,False
444,plain,y,H13__NODE_10_length_39692_cov_10.120544_29,0.02,1,50,1552,False
445,plain,y,H05__NODE_7_length_28791_cov_23.103877_15,0.02,1,50,890,False
446,plain,y,C14__NODE_6_length_43099_cov_144.342510_37,0.02,1,50,706,False
447,plain,y,C14__NODE_96_length_15605_cov_13.780707_23,0.02,1,50,338,False
448,plain,y,C14__NODE_35_length_27160_cov_11.015606_18,0.02,1,50,1580,False
449,plain,y,GCA_000364165_Protein2492,0.02,1,50,726,False
450,plain,y,GCA_013302155_Protein788,0.02,1,50,372,False
451,plain,y,GCA_013304385_Protein1378,0.02,1,50,798,False
452,plain,y,GCA_013282095_Protein2360,0.02,1,50,397,False
453,plain,y,GCA_013282095_Protein2401,0.02,1,50,2308,False
454,plain,y,GCA_009936055_Protein1464,0.02,1,50,1494,False
455,plain,y,GCA_010669305_Protein1297,0.02,1,50,1626,False
456,plain,y,GCA_000703165_Protein3139,0.02,1,50,4202,False
457,plain,y,GCA_000686145_Protein1401,0.02,1,50,124,False
458,plain,y,GCA_000688035_Protein2644,0.02,1,50,338,False
459,plain,y,GCA_000620945_Protein2180,0.02,1,50,579,False
460,plain,y,GCA_009917485_Protein2329,0.02,1,50,1116,False
461,plain,y,C24__NODE_7_length_50519_cov_21.154268_31,0.02,1,50,154,False
462,plain,y,C24__NODE_21_length_26944_cov_10.397077_17,0.02,1,50,215,False
463,plain,y,C24__NODE_22_length_26942_cov_14.713430_37,0.02,1,50,246,False
464,plain,y,C24__NODE_22_length_26942_cov_14.713430_40,0.02,1,50,338,False
465,plain,y,C21__NODE_80_length_11721_cov_4.577490_12,0.02,1,50,706,False
466,plain,y,C22__NODE_7_length_8023_cov_5.691140_4,0.02,1,50,720,False
467,plain,y,C23__NODE_17_length_5484_cov_6.300239_6,0.02,1,50,397,False
468,plain,y,GCA_900169975_Protein2629,0.02,1,50,614,False
469,plain,y,GCA_900184925_Protein2147,0.02,1,50,943,False
470,plain,y,GCA_900155415_Protein787,0.02,1,50,1258,False
471,plain,y,GCA_900155735_Protein1636,0.02,1,50,215,False
472,plain,y,GCA_900142235_Protein1010,0.02,1,50,397,False
473,plain,y,GCA_900130065_Protein3149,0.02,1,50,5766,False
474,plain,y,GCA_900142025_Protein120,0.02,1,50,3696,False
475,plain,y,GCA_900142075_Protein1794,0.02,1,50,4128,False
476,plain,y,GCA_900142165_Protein2671,0.02,1,50,306,False
477,plain,y,GCA_000016165_Protein1187,0.02,1,50,636,False
478,plain,y,GCA_000016165_Protein2511,0.02,1,50,761,False
479,plain,y,GCA_000016165_Protein2893,0.02,1,50,1626,False
480,plain,y,GCA_000018685_Protein3695,0.02,1,50,782,False
481,plain,y,C30__NODE_8_length_71552_cov_57.781292_12,0.02,1,50,430,False
482,plain,y,C30__NODE_8_length_71552_cov_57.781292_83,0.02,1,50,154,False
483,plain,y,GCA_009935845_Protein1975,0.02,1,50,338,False
484,plain,y,GCA_009718435_Protein2582,0.02,1,50,943,False
485,plain,y,GCA_009876955_Protein1471,0.02,1,50,1405,False
486,plain,y,GCA_009911235_Protein1033,0.02,1,50,798,False
487,plain,y,GCA_009911235_Protein2399,0.02,1,50,3627,False
488,plain,y,GCA_009683175_Protein332,0.02,1,50,3330,False
489,plain,y,GCA_005280655_Protein2343,0.02,1,50,1536,False
490,plain,y,GCA_005347505_Protein4012,0.02,1,50,154,False
491,plain,y,GCA_004557645_Protein88,0.02,1,50,456,False
492,plain,y,GCA_004525795_Protein259,0.02,1,50,3282,False
493,plain,y,GCA_004554775_Protein19,0.02,1,50,574,False
494,plain,y,GCA_004216775_Protein954,0.02,1,50,798,False
495,plain,y,GCA_004216775_Protein990,0.02,1,50,338,False
496,plain,y,GCA_000758925_Protein917,0.02,1,50,154,False
497,plain,y,GCA_000759795_Protein3094,0.02,1,50,1398,False
498,plain,y,GCA_000802095_Protein328,0.02,1,50,4650,False
499,plain,y,GCA_000705335_Protein2660,0.02,1,50,338,False
500,plain,y,H22__NODE_14_length_22880_cov_110.377393_20,0.02,1,50,246,False
501,plain,y,H16__NODE_90_length_6787_cov_4.269162_1,0.02,1,50,366,False
502,plain,y,H19__NODE_27_length_17637_cov_18.684905_7,0.02,1,50,465,False
503,plain,y,H16__NODE_2_length_58101_cov_142.738345_38,0.02,1,50,246,False
504,plain,y,H15__NODE_146_length_8257_cov_41.187515_9,0.02,1,50,215,False
505,plain,y,H25__NODE_38_length_12976_cov_31.802492_7,0.02,1,50,662,False
506,plain,y,C21__NODE_1_length_110952_cov_30.325879_99,0.02,1,50,430,False
507,plain,y,C21__NODE_13_length_41786_cov_279.504541_23,0.02,1,50,246,False
508,plain,y,GCA_900771915_Protein114,0.02,1,50,636,False
509,plain,y,GCA_900624825_Protein4426,0.02,1,50,430,False
510,plain,y,GCA_900240845_Protein1828,0.02,1,50,782,False
511,plain,y,GCA_900248245_Protein4137,0.02,1,50,397,False
512,plain,y,GCA_900290275_Protein1965,0.02,1,50,1138,False
513,plain,y,GCA_900197595_Protein2004,0.02,1,50,706,False
514,plain,y,C27__NODE_17_length_16929_cov_10.875311_4,0.02,1,50,1074,False
515,plain,y,C24__NODE_30_length_18193_cov_7.541074_12,0.02,1,50,522,False
516,plain,y,C24__NODE_30_length_18193_cov_7.541074_17,0.02,1,50,215,False
517,plain,y,C24__NODE_33_length_16302_cov_17.412076_12,0.02,1,50,546,False
518,plain,y,GCA_000711235_Protein265,0.02,1,50,338,False
519,plain,y,GCA_000711975_Protein564,0.02,1,50,1850,False
520,plain,y,GCA_000735515_Protein712,0.02,1,50,154,False
521,plain,y,GCA_003932845_Protein654,0.02,1,50,651,False
522,plain,y,GCA_003992125_Protein1745,0.02,1,50,1176,False
523,plain,y,GCA_003992125_Protein36,0.02,1,50,651,False
524,plain,y,GCA_004103735_Protein554,0.02,1,50,662,False
525,plain,y,GCA_004103735_Protein681,0.02,1,50,488,False
526,plain,y,C11__NODE_46_length_9729_cov_24.618048_9,0.02,1,50,4092,False
527,plain,y,C12__NODE_3_length_16742_cov_4042.197879_19,0.02,1,50,1944,False
528,plain,y,C03__NODE_8_length_37361_cov_25.472230_34,0.02,1,50,430,False
529,plain,y,A28__NODE_33_length_11214_cov_8.462049_4,0.02,1,50,246,False
530,plain,y,GCA_002029255_Protein1210,0.02,1,50,1489,False
531,plain,y,GCA_001315785_Protein2550,0.02,1,50,246,False
532,plain,y,GCA_003460605_Protein2290,0.02,1,50,488,False
533,plain,y,GCA_003465835_Protein203,0.02,1,50,488,False
534,plain,y,GCA_003465835_Protein2040,0.02,1,50,306,False
535,plain,y,GCA_003435485_Protein4223,0.02,1,50,4092,False
536,plain,y,H27__NODE_22_length_24791_cov_15.278016_8,0.02,1,50,93,False
537,plain,y,GCA_002160275_Protein1537,0.02,1,50,761,False
538,plain,y,A14__NODE_97_length_7297_cov_4.002624_4,0.02,1,50,693,False
539,plain,y,H15__NODE_22_length_23630_cov_66.783796_16,0.02,1,50,488,False
540,plain,y,A16__NODE_6_length_24193_cov_9.859806_16,0.02,1,50,798,False
541,plain,y,A12__NODE_10_length_12815_cov_4.748041_12,0.02,1,50,662,False
542,plain,y,GCA_003477705_Protein1572,0.02,1,50,397,False
543,plain,y,H24__NODE_41_length_11479_cov_24.667454_10,0.02,1,50,720,False
544,plain,y,H24__NODE_17_length_21088_cov_31.759140_8,0.02,1,50,761,False
545,plain,y,H23__NODE_2_length_44487_cov_16.213495_12,0.02,1,50,465,False
546,plain,y,A04__NODE_4_length_31010_cov_149.044322_49,0.0,0,50,154,False
547,plain,y,A08__NODE_35_length_7925_cov_37.792630_4,0.0,0,50,366,False
548,plain,y,A09__NODE_15_length_33860_cov_205.502707_15,0.0,0,50,246,False
549,plain,y,A09__NODE_1_length_71490_cov_36.675467_35,0.0,0,50,186,False
550,plain,y,A09__NODE_38_length_19173_cov_8.072288_4,0.0,0,50,430,False
551,plain,y,A09__NODE_46_length_18178_cov_6.638526_21,0.0,0,50,579,False
552,plain,y,A09__NODE_46_length_18178_cov_6.638526_22,0.0,0,50,154,False
553,plain,y,A09__NODE_46_length_18178_cov_6.638526_25,0.0,0,50,154,False
554,plain,y,A09__NODE_46_length_18178_cov_6.638526_30,0.0,0,50,456,False
555,plain,y,A09__NODE_50_length_16599_cov_28.798235_31,0.0,0,50,154,False
556,plain,y,A09__NODE_77_length_12046_cov_7.451672_14,0.0,0,50,522,False
557,plain,y,A09__NODE_96_length_8965_cov_19.673288_15,0.0,0,50,397,False
558,plain,y,A12__NODE_7_length_18598_cov_6.515558_16,0.0,0,50,154,False
559,plain,y,A14__NODE_12_length_31316_cov_37.632161_43,0.0,0,50,744,False
560,plain,y,A20__NODE_10_length_21137_cov_5.123375_1,0.0,0,50,246,False
561,plain,y,A20__NODE_15_length_16444_cov_6.589359_16,0.0,0,50,306,False
562,plain,y,A20__NODE_25_length_12539_cov_20.996876_15,0.0,0,50,1398,False
563,plain,y,A23__NODE_18_length_13703_cov_6.389068_4,0.0,0,50,430,False
564,plain,y,A23__NODE_1_length_103283_cov_55.075551_126,0.0,0,50,488,False
565,plain,y,A23__NODE_1_length_103283_cov_55.075551_78,0.0,0,50,522,False
566,plain,y,A23__NODE_5_length_38974_cov_13.708009_33,0.0,0,50,246,False
567,plain,y,A23__NODE_5_length_38974_cov_13.708009_5,0.0,0,50,522,False
568,plain,y,H19__NODE_19_length_28093_cov_36.196662_26,0.0,0,50,1166,False
569,plain,y,H19__NODE_20_length_27660_cov_13.667814_10,0.0,0,50,2886,False
570,plain,y,H19__NODE_7_length_51999_cov_92.126810_50,0.0,0,50,488,False
571,plain,y,H19__NODE_8_length_50241_cov_77.219264_87,0.0,0,50,62,False
572,plain,y,H20__NODE_33_length_7739_cov_6.702499_17,0.0,0,50,430,False
573,plain,y,H22__NODE_16_length_20774_cov_9.070949_10,0.0,0,50,890,False
574,plain,y,A18__NODE_3_length_39007_cov_11.339212_30,0.0,0,50,558,False
575,plain,y,A18__NODE_9_length_13180_cov_73.196343_16,0.0,0,50,943,False
576,plain,y,H15__NODE_95_length_11120_cov_91.096792_15,0.0,0,50,1356,False
577,plain,y,H16__NODE_115_length_5296_cov_3.776379_4,0.0,0,50,558,False
578,plain,y,H16__NODE_1_length_106936_cov_55.682338_68,0.0,0,50,246,False
579,plain,y,H16__NODE_1_length_106936_cov_55.682338_80,0.0,0,50,186,False
580,plain,y,H16__NODE_23_length_17953_cov_20.258632_7,0.0,0,50,338,False
581,plain,y,H16__NODE_28_length_15709_cov_81.653699_11,0.0,0,50,706,False
582,plain,y,H19__NODE_17_length_29672_cov_17.298781_35,0.0,0,50,154,False
583,plain,y,H19__NODE_17_length_29672_cov_17.298781_43,0.0,0,50,522,False
584,plain,y,C11__NODE_28_length_12669_cov_227.502061_8,0.0,0,50,515,False
585,plain,y,C11__NODE_31_length_11497_cov_8.863835_5,0.0,0,50,1446,False
586,plain,y,C11__NODE_7_length_24802_cov_65.050471_3,0.0,0,50,397,False
587,plain,y,C12__NODE_5_length_14474_cov_4.564186_11,0.0,0,50,93,False
588,plain,y,C12__NODE_5_length_14474_cov_4.564186_13,0.0,0,50,93,False
589,plain,y,C12__NODE_5_length_14474_cov_4.564186_15,0.0,0,50,996,False
590,plain,y,H15__NODE_36_length_18397_cov_14.276687_20,0.0,0,50,279,False
591,plain,y,H15__NODE_3_length_57934_cov_113.386651_60,0.0,0,50,246,False
592,plain,y,GCA_003465835_Protein3626,0.0,0,50,430,False
593,plain,y,GCA_003465835_Protein972,0.0,0,50,670,False
594,plain,y,GCA_001317355_Protein2114,0.0,0,50,2076,False
595,plain,y,GCA_001412655_Protein2668,0.0,0,50,465,False
596,plain,y,GCA_001564455_Protein2233,0.0,0,50,4219,False
597,plain,y,GCA_001652705_Protein1338,0.0,0,50,246,False
598,plain,y,GCA_001652705_Protein2394,0.0,0,50,246,False
599,plain,y,GCA_001652705_Protein906,0.0,0,50,522,False
600,plain,y,GCA_003434055_Protein4080,0.0,0,50,1227,False
601,plain,y,GCA_003434585_Protein3014,0.0,0,50,279,False
602,plain,y,GCA_003435485_Protein1008,0.0,0,50,996,False
603,plain,y,GCA_003458855_Protein222,0.0,0,50,62,False
604,plain,y,GCA_003458855_Protein621,0.0,0,50,2616,False
605,plain,y,GCA_003465835_Protein1176,0.0,0,50,397,False
606,plain,y,GCA_003465835_Protein1818,0.0,0,50,397,False
607,plain,y,GCA_003465835_Protein3373,0.0,0,50,372,False
608,plain,y,GCA_002995745_Protein2130,0.0,0,50,1398,False
609,plain,y,GCA_002998925_Protein461,0.0,0,50,215,False
610,plain,y,GCA_003040965_Protein1495,0.0,0,50,3444,False
611,plain,y,GCA_003042065_Protein441,0.0,0,50,982,False
612,plain,y,GCA_003265305_Protein677,0.0,0,50,5674,False
613,plain,y,GCA_003269275_Protein1075,0.0,0,50,372,False
614,plain,y,GCA_003363435_Protein1454,0.0,0,50,558,False
615,plain,y,GCA_003428195_Protein4210,0.0,0,50,279,False
616,plain,y,GCA_002270465_Protein4515,0.0,0,50,761,False
617,plain,y,GCA_002389905_Protein2903,0.0,0,50,1489,False
618,plain,y,GCA_002437945_Protein493,0.0,0,50,930,False
619,plain,y,GCA_002560985_Protein2226,0.0,0,50,430,False
620,plain,y,GCA_002895535_Protein1213,0.0,0,50,5582,False
621,plain,y,GCA_002895535_Protein2130,0.0,0,50,430,False
622,plain,y,GCA_002896995_Protein794,0.0,0,50,186,False
623,plain,y,GCA_002902385_Protein1643,0.0,0,50,430,False
624,plain,y,GCA_000711235_Protein3056,0.0,0,50,186,False
625,plain,y,GCA_000746025_Protein2053,0.0,0,50,5766,False
626,plain,y,GCA_000758905_Protein635,0.0,0,50,2918,False
627,plain,y,GCA_000758905_Protein772,0.0,0,50,246,False
628,plain,y,GCA_000758925_Protein837,0.0,0,50,246,False
629,plain,y,GCA_000802095_Protein3528,0.0,0,50,837,False
630,plain,y,GCA_000828515_Protein242,0.0,0,50,5673,False
631,plain,y,GCA_000875895_Protein1531,0.0,0,50,430,False
632,plain,y,GCA_003625485_Protein1184,0.0,0,50,744,False
633,plain,y,GCA_003726015_Protein804,0.0,0,50,2726,False
634,plain,y,GCA_003726015_Protein941,0.0,0,50,338,False
635,plain,y,GCA_003762665_Protein1116,0.0,0,50,614,False
636,plain,y,GCA_003762665_Protein265,0.0,0,50,761,False
637,plain,y,GCA_003797145_Protein1441,0.0,0,50,930,False
638,plain,y,GCA_004216775_Protein1178,0.0,0,50,761,False
639,plain,y,GCA_004216775_Protein1642,0.0,0,50,890,False
640,plain,y,GCA_002029255_Protein975,0.0,0,50,338,False
641,plain,y,GCA_002140915_Protein1143,0.0,0,50,798,False
642,plain,y,GCA_002159175_Protein1291,0.0,0,50,215,False
643,plain,y,GCA_002159555_Protein1251,0.0,0,50,397,False
644,plain,y,GCA_003477705_Protein491,0.0,0,50,397,False
645,plain,y,GCA_003480915_Protein3717,0.0,0,50,456,False
646,plain,y,GCA_003481705_Protein2358,0.0,0,50,670,False
647,plain,y,GCA_003609635_Protein1624,0.0,0,50,246,False
648,plain,y,GCA_001676385_Protein2429,0.0,0,50,906,False
649,plain,y,GCA_001676385_Protein633,0.0,0,50,706,False
650,plain,y,GCA_001678845_Protein2166,0.0,0,50,338,False
651,plain,y,GCA_001735765_Protein2007,0.0,0,50,2166,False
652,plain,y,GCA_001735765_Protein2831,0.0,0,50,1671,False
653,plain,y,GCA_002006345_Protein1996,0.0,0,50,614,False
654,plain,y,GCA_002006345_Protein2224,0.0,0,50,397,False
655,plain,y,GCA_002029255_Protein2362,0.0,0,50,306,False
656,plain,y,GCA_005347505_Protein3893,0.0,0,50,1718,False
657,plain,y,GCA_005404945_Protein1179,0.0,0,50,579,False
658,plain,y,GCA_005844425_Protein1718,0.0,0,50,515,False
659,plain,y,GCA_005844425_Protein56,0.0,0,50,337,False
660,plain,y,GCA_008807835_Protein430,0.0,0,50,2178,False
661,plain,y,GCA_009696005_Protein2385,0.0,0,50,397,False
662,plain,y,GCA_009696445_Protein1628,0.0,0,50,4128,False
663,plain,y,GCA_009718435_Protein662,0.0,0,50,186,False
664,plain,y,GCA_004342745_Protein2598,0.0,0,50,279,False
665,plain,y,GCA_004342745_Protein761,0.0,0,50,3190,False
666,plain,y,GCA_004554775_Protein1992,0.0,0,50,852,False
667,plain,y,GCA_004557645_Protein1796,0.0,0,50,837,False
668,plain,y,GCA_004557645_Protein2183,0.0,0,50,1489,False
669,plain,y,GCA_004794105_Protein842,0.0,0,50,338,False
670,plain,y,GCA_004799745_Protein538,0.0,0,50,750,False
671,plain,y,GCA_004923205_Protein2107,0.0,0,50,5582,False
672,plain,y,GCA_001312405_Protein5505,0.0,0,50,1356,False
673,plain,y,GCA_001312445_Protein1559,0.0,0,50,837,False
674,plain,y,GCA_001315785_Protein1007,0.0,0,50,816,False
675,plain,y,GCA_004216775_Protein1653,0.0,0,50,890,False
676,plain,y,GCA_004216775_Protein2335,0.0,0,50,890,False
677,plain,y,GCA_004216775_Protein2414,0.0,0,50,1034,False
678,plain,y,GCA_004342745_Protein1422,0.0,0,50,3426,False
679,plain,y,GCA_004342745_Protein2181,0.0,0,50,338,False
680,plain,y,GCA_000968375_Protein2616,0.0,0,50,279,False
681,plain,y,GCA_000968375_Protein3201,0.0,0,50,798,False
682,plain,y,GCA_001022195_Protein2786,0.0,0,50,154,False
683,plain,y,GCA_001022195_Protein3806,0.0,0,50,154,False
684,plain,y,GCA_001077835_Protein123,0.0,0,50,279,False
685,plain,y,GCA_001185345_Protein1555,0.0,0,50,4219,False
686,plain,y,GCA_001244995_Protein494,0.0,0,50,246,False
687,plain,y,GCA_001282685_Protein1305,0.0,0,50,982,False
688,plain,y,GCA_000686125_Protein824,0.0,0,50,3558,False
689,plain,y,GCA_000686725_Protein1864,0.0,0,50,246,False
690,plain,y,GCA_000687975_Protein2723,0.0,0,50,5582,False
691,plain,y,GCA_000688375_Protein1049,0.0,0,50,154,False
692,plain,y,GCA_000688375_Protein1934,0.0,0,50,522,False
693,plain,y,GCA_000688375_Protein2145,0.0,0,50,996,False
694,plain,y,GCA_000688375_Protein341,0.0,0,50,246,False
695,plain,y,GCA_000701665_Protein2381,0.0,0,50,761,False
696,plain,y,GCA_000512915_Protein132,0.0,0,50,960,False
697,plain,y,GCA_000526495_Protein1288,0.0,0,50,3348,False
698,plain,y,GCA_000526995_Protein1371,0.0,0,50,306,False
699,plain,y,GCA_000526995_Protein4010,0.0,0,50,522,False
700,plain,y,GCA_000614065_Protein1244,0.0,0,50,943,False
701,plain,y,GCA_000620945_Protein195,0.0,0,50,1580,False
702,plain,y,GCA_000622085_Protein1454,0.0,0,50,186,False
703,plain,y,GCA_000686125_Protein720,0.0,0,50,1266,False
704,plain,y,GCA_009931695_Protein1466,0.0,0,50,982,False
705,plain,y,GCA_009931695_Protein2627,0.0,0,50,2454,False
706,plain,y,GCA_009931695_Protein347,0.0,0,50,837,False
707,plain,y,GCA_009935845_Protein1710,0.0,0,50,726,False
708,plain,y,GCA_009935845_Protein2484,0.0,0,50,456,False
709,plain,y,GCA_000473365_Protein1999,0.0,0,50,2270,False
710,plain,y,GCA_000473365_Protein2344,0.0,0,50,488,False
711,plain,y,GCA_000473365_Protein35,0.0,0,50,798,False
712,plain,y,GCA_009876955_Protein198,0.0,0,50,2117,False
713,plain,y,GCA_009911595_Protein1545,0.0,0,50,93,False
714,plain,y,GCA_009911595_Protein1973,0.0,0,50,154,False
715,plain,y,GCA_009911595_Protein2162,0.0,0,50,366,False
716,plain,y,GCA_009911595_Protein3423,0.0,0,50,246,False
717,plain,y,GCA_009911595_Protein907,0.0,0,50,397,False
718,plain,y,GCA_009911645_Protein2478,0.0,0,50,1366,False
719,plain,y,GCA_009911645_Protein815,0.0,0,50,706,False
720,plain,y,GCA_000373865_Protein2874,0.0,0,50,670,False
721,plain,y,GCA_000383295_Protein405,0.0,0,50,4037,False
722,plain,y,GCA_000407585_Protein1047,0.0,0,50,154,False
723,plain,y,GCA_000421405_Protein2820,0.0,0,50,4202,False
724,plain,y,GCA_000421965_Protein2032,0.0,0,50,1583,False
725,plain,y,GCA_000424165_Protein1164,0.0,0,50,852,False
726,plain,y,GCA_000439915_Protein1769,0.0,0,50,1086,False
727,plain,y,GCA_000455285_Protein1118,0.0,0,50,3366,False
728,plain,y,GCA_013304385_Protein1027,0.0,0,50,890,False
729,plain,y,GCA_014076555_Protein898,0.0,0,50,816,False
730,plain,y,GCA_014202875_Protein959,0.0,0,50,1074,False
731,plain,y,GCA_014230005_Protein1604,0.0,0,50,926,False
732,plain,y,GCA_000332015_Protein2256,0.0,0,50,1398,False
733,plain,y,GCA_000332875_Protein2031,0.0,0,50,186,False
734,plain,y,GCA_000364245_Protein5368,0.0,0,50,246,False
735,plain,y,GCA_000364245_Protein5537,0.0,0,50,1716,False
736,plain,y,GCA_011082265_Protein441,0.0,0,50,3834,False
737,plain,y,GCA_011082265_Protein891,0.0,0,50,465,False
738,plain,y,GCA_011754305_Protein1255,0.0,0,50,93,False
739,plain,y,GCA_012524165_Protein3905,0.0,0,50,2112,False
740,plain,y,GCA_013201395_Protein2128,0.0,0,50,279,False
741,plain,y,GCA_013300155_Protein2375,0.0,0,50,279,False
742,plain,y,GCA_013302155_Protein1988,0.0,0,50,1398,False
743,plain,y,GCA_013302155_Protein2398,0.0,0,50,488,False
744,plain,y,GCA_000702045_Protein1948,0.0,0,50,186,False
745,plain,y,GCA_009935845_Protein3299,0.0,0,50,982,False
746,plain,y,GCA_009935845_Protein3546,0.0,0,50,430,False
747,plain,y,GCA_009935845_Protein785,0.0,0,50,579,False
748,plain,y,GCA_010120715_Protein365,0.0,0,50,338,False
749,plain,y,GCA_010120715_Protein852,0.0,0,50,996,False
750,plain,y,GCA_010669305_Protein2488,0.0,0,50,1405,False
751,plain,y,GCA_011065935_Protein4468,0.0,0,50,1902,False
752,plain,y,GCA_000283575_Protein1898,0.0,0,50,397,False
753,plain,y,GCA_000283575_Protein2963,0.0,0,50,279,False
754,plain,y,GCA_000283575_Protein3203,0.0,0,50,338,False
755,plain,y,GCA_000283575_Protein3842,0.0,0,50,558,False
756,plain,y,GCA_000285575_Protein2422,0.0,0,50,2256,False
757,plain,y,GCA_000307265_Protein596,0.0,0,50,558,False
758,plain,y,GCA_000307265_Protein729,0.0,0,50,366,False
759,plain,y,GCA_000307265_Protein889,0.0,0,50,186,False
760,plain,y,GCA_014297375_Protein409,0.0,0,50,465,False
761,plain,y,GCA_014334055_Protein1654,0.0,0,50,798,False
762,plain,y,GCA_000240185_Protein633,0.0,0,50,154,False
763,plain,y,GCA_000263775_Protein1928,0.0,0,50,465,False
764,plain,y,GCA_000270205_Protein1330,0.0,0,50,2672,False
765,plain,y,GCA_000277625_Protein1508,0.0,0,50,430,False
766,plain,y,GCA_000277625_Protein554,0.0,0,50,430,False
767,plain,y,GCA_000283575_Protein1552,0.0,0,50,338,False
768,plain,y,GCA_014287995_Protein492,0.0,0,50,398,False
769,plain,y,GCA_014288125_Protein2047,0.0,0,50,246,False
770,plain,y,GCA_014288125_Protein2706,0.0,0,50,1176,False
771,plain,y,GCA_014288125_Protein350,0.0,0,50,279,False
772,plain,y,GCA_014297285_Protein1815,0.0,0,50,430,False
773,plain,y,GCA_014297285_Protein2181,0.0,0,50,215,False
774,plain,y,GCA_014297375_Protein1813,0.0,0,50,546,False
775,plain,y,GCA_014297375_Protein2672,0.0,0,50,372,False
776,plain,y,GCA_014230005_Protein798,0.0,0,50,1395,False
777,plain,y,GCA_014269355_Protein1928,0.0,0,50,706,False
778,plain,y,GCA_014269355_Protein461,0.0,0,50,579,False
779,plain,y,GCA_014287275_Protein2492,0.0,0,50,186,False
780,plain,y,GCA_014287275_Protein671,0.0,0,50,279,False
781,plain,y,GCA_014287585_Protein3719,0.0,0,50,246,False
782,plain,y,GCA_014287895_Protein1717,0.0,0,50,1176,False
783,plain,y,GCA_014287995_Protein1016,0.0,0,50,4056,False
784,plain,y,GCA_000205165_Protein661,0.0,0,50,338,False
785,plain,y,GCA_000210035_Protein1106,0.0,0,50,852,False
786,plain,y,GCA_000210095_Protein544,0.0,0,50,614,False
787,plain,y,GCA_000210095_Protein726,0.0,0,50,614,False
788,plain,y,GCA_000210655_Protein2209,0.0,0,50,488,False
789,plain,y,GCA_000213975_Protein1855,0.0,0,50,1902,False
790,plain,y,GCA_000162915_Protein235,0.0,0,50,5311,False
791,plain,y,GCA_000166035_Protein952,0.0,0,50,154,False
792,plain,y,GCA_015550495_Protein790,0.0,0,50,1810,False
793,plain,y,GCA_015667795_Protein1304,0.0,0,50,465,False
794,plain,y,GCA_000189595_Protein1724,0.0,0,50,2604,False
795,plain,y,GCA_000189595_Protein3833,0.0,0,50,1902,False
796,plain,y,GCA_000196535_Protein85,0.0,0,50,1102,False
797,plain,y,GCA_000204355_Protein642,0.0,0,50,62,False
798,plain,y,GCA_000205025_Protein1162,0.0,0,50,154,False
799,plain,y,GCA_000205165_Protein230,0.0,0,50,338,False
800,plain,y,GCA_014385085_Protein214,0.0,0,50,215,False
801,plain,y,GCA_014385085_Protein2635,0.0,0,50,488,False
802,plain,y,GCA_014385085_Protein335,0.0,0,50,2240,False
803,plain,y,GCA_014467055_Protein1627,0.0,0,50,465,False
804,plain,y,GCA_014467055_Protein539,0.0,0,50,1329,False
805,plain,y,GCA_014731795_Protein1782,0.0,0,50,579,False
806,plain,y,GCA_015159595_Protein1053,0.0,0,50,430,False
807,plain,y,GCA_015221875_Protein3808,0.0,0,50,430,False
808,plain,y,GCA_000312505_Protein1016,0.0,0,50,5766,False
809,plain,y,GCA_000312505_Protein231,0.0,0,50,430,False
810,plain,y,GCA_000313565_Protein2224,0.0,0,50,852,False
811,plain,y,GCA_014337215_Protein209,0.0,0,50,2829,False
812,plain,y,GCA_014384785_Protein1387,0.0,0,50,4846,False
813,plain,y,GCA_014384795_Protein914,0.0,0,50,246,False
814,plain,y,GCA_014384885_Protein108,0.0,0,50,2035,False
815,plain,y,GCA_014384985_Protein646,0.0,0,50,906,False
816,plain,y,GCA_018223435_Protein693,0.0,0,50,246,False
817,plain,y,GCA_018228705_Protein3144,0.0,0,50,397,False
818,plain,y,GCA_018265985_Protein1709,0.0,0,50,246,False
819,plain,y,GCA_018326305_Protein1277,0.0,0,50,62,False
820,plain,y,GCA_018326305_Protein1982,0.0,0,50,306,False
821,plain,y,GCA_018326305_Protein654,0.0,0,50,4128,False
822,plain,y,GCA_018367725_Protein1387,0.0,0,50,1986,False
823,plain,y,GCA_018713335_Protein674,0.0,0,50,744,False
824,plain,y,GCA_016901735_Protein789,0.0,0,50,4146,False
825,plain,y,GCA_016902445_Protein2319,0.0,0,50,522,False
826,plain,y,GCA_016902575_Protein2053,0.0,0,50,1583,False
827,plain,y,GCA_017168145_Protein19,0.0,0,50,1860,False
828,plain,y,GCA_017168145_Protein544,0.0,0,50,2076,False
829,plain,y,GCA_017255415_Protein322,0.0,0,50,279,False
830,plain,y,GCA_018128545_Protein4463,0.0,0,50,1580,False
831,plain,y,GCA_018223385_Protein67,0.0,0,50,338,False
832,plain,y,GCA_000174895_Protein3460,0.0,0,50,430,False
833,plain,y,GCA_000177015_Protein1621,0.0,0,50,338,False
834,plain,y,GCA_000185385_Protein2010,0.0,0,50,93,False
835,plain,y,GCA_000185705_Protein3112,0.0,0,50,93,False
836,plain,y,GCA_000185705_Protein804,0.0,0,50,154,False
837,plain,y,GCA_016586355_Protein1725,0.0,0,50,522,False
838,plain,y,GCA_016899585_Protein1775,0.0,0,50,558,False
839,plain,y,GCA_016899585_Protein289,0.0,0,50,397,False
840,plain,y,GCA_000169235_Protein910,0.0,0,50,488,False
841,plain,y,GCA_000173795_Protein1497,0.0,0,50,186,False
842,plain,y,GCA_000173815_Protein1315,0.0,0,50,890,False
843,plain,y,GCA_000173815_Protein3794,0.0,0,50,890,False
844,plain,y,GCA_000173815_Protein4120,0.0,0,50,279,False
845,plain,y,GCA_000173815_Protein708,0.0,0,50,430,False
846,plain,y,GCA_000173875_Protein1225,0.0,0,50,960,False
847,plain,y,GCA_000174895_Protein2795,0.0,0,50,890,False
848,plain,y,GCA_000160135_Protein95,0.0,0,50,852,False
849,plain,y,GCA_000160495_Protein1441,0.0,0,50,662,False
850,plain,y,GCA_000160575_Protein567,0.0,0,50,246,False
851,plain,y,GCA_000160675_Protein1156,0.0,0,50,2686,False
852,plain,y,GCA_000160675_Protein1752,0.0,0,50,2068,False
853,plain,y,GCA_000020605_Protein2111,0.0,0,50,1902,False
854,plain,y,GCA_000020605_Protein2906,0.0,0,50,852,False
855,plain,y,GCA_000024265_Protein507,0.0,0,50,124,False
856,plain,y,GCA_000154565_Protein2730,0.0,0,50,522,False
857,plain,y,GCA_000154565_Protein2836,0.0,0,50,372,False
858,plain,y,GCA_000154565_Protein3357,0.0,0,50,726,False
859,plain,y,GCA_000154565_Protein83,0.0,0,50,372,False
860,plain,y,GCA_000155875_Protein1924,0.0,0,50,337,False
861,plain,y,GCA_000157975_Protein1423,0.0,0,50,338,False
862,plain,y,GCA_000158075_Protein3458,0.0,0,50,1489,False
863,plain,y,GCA_000158475_Protein196,0.0,0,50,93,False
864,plain,y,GCA_900011355_Protein1497,0.0,0,50,744,False
865,plain,y,GCA_900011355_Protein1891,0.0,0,50,1994,False
866,plain,y,GCA_900048895_Protein1780,0.0,0,50,430,False
867,plain,y,GCA_900048895_Protein35,0.0,0,50,2384,False
868,plain,y,GCA_000154465_Protein1775,0.0,0,50,246,False
869,plain,y,GCA_000154465_Protein2244,0.0,0,50,154,False
870,plain,y,GCA_000154565_Protein1869,0.0,0,50,2914,False
871,plain,y,GCA_000154565_Protein217,0.0,0,50,614,False
872,plain,y,GCA_018861735_Protein2553,0.0,0,50,93,False
873,plain,y,GCA_018917965_Protein1355,0.0,0,50,1626,False
874,plain,y,GCA_018919205_Protein1236,0.0,0,50,1416,False
875,plain,y,GCA_018919205_Protein175,0.0,0,50,246,False
876,plain,y,GCA_018982945_Protein402,0.0,0,50,1718,False
877,plain,y,GCA_019042245_Protein3312,0.0,0,50,1626,False
878,plain,y,GCA_019042275_Protein752,0.0,0,50,246,False
879,plain,y,GCA_019120295_Protein251,0.0,0,50,338,False
880,plain,y,GCA_900129135_Protein653,0.0,0,50,943,False
881,plain,y,GCA_900129365_Protein593,0.0,0,50,522,False
882,plain,y,C27__NODE_70_length_6001_cov_11.039522_3,0.0,0,50,579,False
883,plain,y,C28__NODE_17_length_10051_cov_8.817827_4,0.0,0,50,522,False
884,plain,y,C28__NODE_5_length_21012_cov_26.200506_18,0.0,0,50,693,False
885,plain,y,C28__NODE_6_length_20512_cov_15.780369_2,0.0,0,50,306,False
886,plain,y,C29__NODE_29_length_11321_cov_5.924374_6,0.0,0,50,306,False
887,plain,y,C29__NODE_2_length_57260_cov_248.890062_66,0.0,0,50,338,False
888,plain,y,GCA_900112485_Protein1692,0.0,0,50,890,False
889,plain,y,GCA_900112485_Protein2044,0.0,0,50,1216,False
890,plain,y,GCA_900113305_Protein2654,0.0,0,50,430,False
891,plain,y,GCA_900120295_Protein2068,0.0,0,50,246,False
892,plain,y,GCA_900129135_Protein1677,0.0,0,50,186,False
893,plain,y,GCA_900129135_Protein2192,0.0,0,50,338,False
894,plain,y,GCA_900129135_Protein2242,0.0,0,50,1626,False
895,plain,y,GCA_900129135_Protein3977,0.0,0,50,276,False
896,plain,y,GCA_000154285_Protein814,0.0,0,50,154,False
897,plain,y,GCA_000154345_Protein1542,0.0,0,50,306,False
898,plain,y,GCA_000154365_Protein3515,0.0,0,50,279,False
899,plain,y,GCA_900086725_Protein2847,0.0,0,50,614,False
900,plain,y,GCA_900086725_Protein3196,0.0,0,50,279,False
901,plain,y,GCA_900100595_Protein225,0.0,0,50,798,False
902,plain,y,GCA_900104675_Protein305,0.0,0,50,1626,False
903,plain,y,GCA_900107705_Protein70,0.0,0,50,546,False
904,plain,y,GCA_000063585_Protein2664,0.0,0,50,579,False
905,plain,y,GCA_000146185_Protein1734,0.0,0,50,1356,False
906,plain,y,GCA_000153905_Protein1276,0.0,0,50,154,False
907,plain,y,GCA_000153925_Protein1113,0.0,0,50,246,False
908,plain,y,GCA_000153925_Protein2067,0.0,0,50,522,False
909,plain,y,GCA_000154065_Protein2547,0.0,0,50,366,False
910,plain,y,GCA_000154105_Protein564,0.0,0,50,338,False
911,plain,y,GCA_000154285_Protein1969,0.0,0,50,5674,False
912,plain,y,GCA_900184925_Protein293,0.0,0,50,522,False
913,plain,y,C21__NODE_7_length_59135_cov_97.282464_81,0.0,0,50,890,False
914,plain,y,C21__NODE_82_length_11468_cov_217.546657_10,0.0,0,50,798,False
915,plain,y,C21__NODE_86_length_11295_cov_6.759609_7,0.0,0,50,488,False
916,plain,y,C24__NODE_16_length_30019_cov_20.186958_17,0.0,0,50,93,False
917,plain,y,C24__NODE_18_length_28681_cov_55.646615_48,0.0,0,50,246,False
918,plain,y,C24__NODE_27_length_19653_cov_23.242219_7,0.0,0,50,279,False
919,plain,y,C24__NODE_30_length_18193_cov_7.541074_10,0.0,0,50,2918,False
920,plain,y,GCA_900142955_Protein77,0.0,0,50,430,False
921,plain,y,GCA_900143205_Protein145,0.0,0,50,3558,False
922,plain,y,GCA_900143645_Protein4114,0.0,0,50,465,False
923,plain,y,GCA_900155415_Protein1971,0.0,0,50,816,False
924,plain,y,GCA_900155735_Protein2353,0.0,0,50,279,False
925,plain,y,GCA_900155735_Protein2368,0.0,0,50,864,False
926,plain,y,GCA_900167375_Protein903,0.0,0,50,5766,False
927,plain,y,GCA_900169975_Protein1038,0.0,0,50,372,False
928,plain,y,GCA_000016165_Protein2412,0.0,0,50,852,False
929,plain,y,GCA_000016505_Protein1178,0.0,0,50,488,False
930,plain,y,GCA_000020165_Protein1071,0.0,0,50,726,False
931,plain,y,GCA_900130065_Protein138,0.0,0,50,614,False
932,plain,y,GCA_900142165_Protein3004,0.0,0,50,522,False
933,plain,y,GCA_900142165_Protein3565,0.0,0,50,1398,False
934,plain,y,GCA_900142525_Protein1886,0.0,0,50,1086,False
935,plain,y,GCA_900142955_Protein2912,0.0,0,50,186,False
936,plain,y,C29__NODE_7_length_31785_cov_533.251182_40,0.0,0,50,93,False
937,plain,y,C30__NODE_24_length_14417_cov_7.472149_27,0.0,0,50,1227,False
938,plain,y,C30__NODE_29_length_12952_cov_3.792200_12,0.0,0,50,706,False
939,plain,y,C30__NODE_8_length_71552_cov_57.781292_22,0.0,0,50,522,False
940,plain,y,GCA_000007625_Protein1864,0.0,0,50,522,False
941,plain,y,GCA_000008765_Protein2485,0.0,0,50,430,False
942,plain,y,GCA_000008805_Protein1688,0.0,0,50,2581,False
943,plain,y,GCA_000016165_Protein2393,0.0,0,50,546,False
944,plain,y,C17__NODE_12_length_22046_cov_14.765768_9,0.0,0,50,852,False
945,plain,y,C17__NODE_5_length_50666_cov_31.575231_38,0.0,0,50,186,False
946,plain,y,C17__NODE_7_length_33524_cov_15.932923_1,0.0,0,50,1258,False
947,plain,y,C17__NODE_7_length_33524_cov_15.932923_3,0.0,0,50,372,False
948,plain,y,C17__NODE_9_length_28032_cov_22.276298_43,0.0,0,50,154,False
949,plain,y,C18__NODE_11_length_18982_cov_8.257040_10,0.0,0,50,890,False
950,plain,y,C18__NODE_7_length_21152_cov_15.534815_1,0.0,0,50,246,False
951,plain,y,C19__NODE_21_length_17490_cov_35.952108_19,0.0,0,50,456,False
952,plain,y,GCA_900318255_Protein1551,0.0,0,50,246,False
953,plain,y,GCA_900318255_Protein1713,0.0,0,50,279,False
954,plain,y,GCA_900604945_Protein2097,0.0,0,50,93,False
955,plain,y,GCA_900625105_Protein1139,0.0,0,50,372,False
956,plain,y,GCA_901482605_Protein1883,0.0,0,50,651,False
957,plain,y,GCA_902363255_Protein502,0.0,0,50,186,False
958,plain,y,GCA_902497995_Protein3667,0.0,0,50,5766,False
959,plain,y,GCA_902810075_Protein2768,0.0,0,50,4202,False
960,plain,y,GCA_900186585_Protein1522,0.0,0,50,279,False
961,plain,y,GCA_900186585_Protein2299,0.0,0,50,306,False
962,plain,y,GCA_900197595_Protein778,0.0,0,50,1034,False
963,plain,y,GCA_900199395_Protein3732,0.0,0,50,670,False
964,plain,y,GCA_900199435_Protein1828,0.0,0,50,837,False
965,plain,y,GCA_900199435_Protein975,0.0,0,50,761,False
966,plain,y,GCA_900205965_Protein4048,0.0,0,50,1166,False
967,plain,y,GCA_900248245_Protein4771,0.0,0,50,154,False
968,plain,y,C26__NODE_3_length_41442_cov_249.298645_62,0.0,0,50,246,False
969,plain,y,C27__NODE_17_length_16929_cov_10.875311_1,0.0,0,50,186,False
970,plain,y,C27__NODE_17_length_16929_cov_10.875311_21,0.0,0,50,430,False
971,plain,y,C27__NODE_36_length_9763_cov_11.608364_13,0.0,0,50,366,False
972,plain,y,C27__NODE_39_length_8448_cov_19.655785_5,0.0,0,50,246,False
973,plain,y,C27__NODE_3_length_44657_cov_46.852832_64,0.0,0,50,456,False
974,plain,y,GCA_900184995_Protein2553,0.0,0,50,1125,False
975,plain,y,GCA_900184995_Protein3727,0.0,0,50,1049,False
976,plain,y,H02__NODE_15_length_30626_cov_9.677341_39,0.0,0,50,186,False
977,plain,y,H02__NODE_6_length_46825_cov_14.474129_50,0.0,0,50,636,False
978,plain,y,C13__NODE_45_length_11672_cov_13.543686_15,0.0,0,50,306,False
979,plain,y,C13__NODE_75_length_7021_cov_45.308211_11,0.0,0,50,706,False
980,plain,y,C13__NODE_8_length_34723_cov_9.728539_25,0.0,0,50,1068,False
981,plain,y,C13__NODE_9_length_34200_cov_21.840621_41,0.0,0,50,306,False
982,plain,y,C14__NODE_135_length_12118_cov_11.308547_2,0.0,0,50,186,False
983,plain,y,C14__NODE_149_length_11411_cov_15.619496_16,0.0,0,50,186,False
984,plain,y,GCA_910584935_Protein111,0.0,0,50,2526,False
985,plain,y,GCA_910586985_Protein1766,0.0,0,50,726,False
986,plain,y,GCA_910586985_Protein377,0.0,0,50,890,False
987,plain,y,GCA_910586985_Protein721,0.0,0,50,579,False
988,plain,y,GCA_910586985_Protein86,0.0,0,50,1350,False
989,plain,y,H01__NODE_15_length_5287_cov_34.459862_3,0.0,0,50,306,False
990,plain,y,H02__NODE_10_length_39575_cov_129.850506_27,0.0,0,50,1166,False
991,plain,y,H02__NODE_14_length_34265_cov_15.824993_20,0.0,0,50,154,False
992,plain,y,C21__NODE_48_length_16273_cov_13.228512_6,0.0,0,50,426,False
993,plain,y,C21__NODE_4_length_82671_cov_91.122724_17,0.0,0,50,430,False
994,plain,y,C21__NODE_4_length_82671_cov_91.122724_44,0.0,0,50,890,False
995,plain,y,GCA_906464915_Protein1789,0.0,0,50,1626,False
996,plain,y,GCA_906464915_Protein397,0.0,0,50,1216,False
997,plain,y,GCA_906464915_Protein417,0.0,0,50,430,False
998,plain,y,GCA_910577605_Protein2572,0.0,0,50,337,False
999,plain,y,GCA_910578195_Protein1486,0.0,0,50,279,False
1000,plain,y,C19__NODE_2_length_53220_cov_96.267225_49,0.0,0,50,154,False
1001,plain,y,C19__NODE_50_length_5535_cov_10.375547_11,0.0,0,50,154,False
1002,plain,y,C19__NODE_6_length_42043_cov_30.133252_29,0.0,0,50,397,False
1003,plain,y,C21__NODE_113_length_9088_cov_7.330234_12,0.0,0,50,488,False
1004,plain,y,C21__NODE_15_length_40896_cov_86.593693_21,0.0,0,50,693,False
1005,plain,y,C21__NODE_15_length_40896_cov_86.593693_35,0.0,0,50,1677,False
1006,plain,y,C21__NODE_15_length_40896_cov_86.593693_5,0.0,0,50,1536,False
1007,plain,y,C21__NODE_39_length_19091_cov_428.235238_16,0.0,0,50,890,False
1008,plain,y,C04__NODE_118_length_8495_cov_6.261967_7,0.0,0,50,636,False
1009,plain,y,C04__NODE_54_length_13963_cov_5.405234_17,0.0,0,50,154,False
1010,plain,y,C04__NODE_8_length_37680_cov_11.969409_58,0.0,0,50,426,False
1011,plain,y,C04__NODE_8_length_37680_cov_11.969409_79,0.0,0,50,488,False
1012,plain,y,C08__NODE_26_length_6295_cov_10.009776_2,0.0,0,50,306,False
1013,plain,y,C08__NODE_26_length_6295_cov_10.009776_8,0.0,0,50,246,False
1014,plain,y,C08__NODE_5_length_36245_cov_50.918403_38,0.0,0,50,372,False
1015,plain,y,C10__NODE_5_length_45624_cov_32.026378_2,0.0,0,50,279,False
1016,plain,y,H13__NODE_4_length_52479_cov_21.975414_87,0.0,0,50,93,False
1017,plain,y,H13__NODE_60_length_9683_cov_13.451807_10,0.0,0,50,154,False
1018,plain,y,H13__NODE_76_length_7531_cov_6.737025_2,0.0,0,50,579,False
1019,plain,y,H14__NODE_3_length_61128_cov_17.781016_4,0.0,0,50,246,False
1020,plain,y,A27__NODE_7_length_47705_cov_22.514103_43,0.0,0,50,1023,False
1021,plain,y,C01__NODE_10_length_33835_cov_21.090793_34,0.0,0,50,522,False
1022,plain,y,C01__NODE_51_length_5064_cov_5.176682_6,0.0,0,50,720,False
1023,plain,y,C03__NODE_8_length_37361_cov_25.472230_21,0.0,0,50,430,False
1024,plain,y,H05__NODE_19_length_10319_cov_6.334470_22,0.0,0,50,246,False
1025,plain,y,H05__NODE_7_length_28791_cov_23.103877_16,0.0,0,50,636,False
1026,plain,y,H06__NODE_100_length_6296_cov_4.446563_5,0.0,0,50,338,False
1027,plain,y,H06__NODE_1_length_105554_cov_37.602233_63,0.0,0,50,522,False
1028,plain,y,H10__NODE_41_length_11781_cov_7.534198_6,0.0,0,50,93,False
1029,plain,y,H10__NODE_47_length_10975_cov_12.764286_9,0.0,0,50,798,False
1030,plain,y,H11__NODE_7_length_23019_cov_32.954842_38,0.0,0,50,93,False
1031,plain,y,H13__NODE_15_length_32336_cov_13.617577_6,0.0,0,50,246,False
1032,plain,y,C14__NODE_321_length_6235_cov_11.662945_2,0.0,0,50,93,False
1033,plain,y,C14__NODE_61_length_20730_cov_5.039033_27,0.0,0,50,706,False
1034,plain,y,C14__NODE_6_length_43099_cov_144.342510_19,0.0,0,50,522,False
1035,plain,y,C14__NODE_6_length_43099_cov_144.342510_8,0.0,0,50,306,False
1036,plain,y,C14__NODE_9_length_39881_cov_11.190504_11,0.0,0,50,306,False
1037,plain,y,C15__NODE_2_length_43365_cov_11.674209_36,0.0,0,50,2829,False
1038,plain,y,C17__NODE_12_length_22046_cov_14.765768_15,0.0,0,50,154,False
1039,plain,y,H05__NODE_15_length_14509_cov_5.218348_1,0.0,0,50,486,False
1040,plain,y,H25__NODE_8_length_41390_cov_354.397847_19,0.0,0,50,154,False
1041,plain,y,H26__NODE_11_length_10415_cov_7.200290_1,0.0,0,50,246,False
1042,plain,y,H27__NODE_114_length_8008_cov_6.489375_9,0.0,0,50,1329,False
1043,plain,y,H27__NODE_12_length_37833_cov_677.982344_39,0.0,0,50,279,False
1044,plain,y,A06__NODE_16_length_7425_cov_4.544098_5,0.0,0,50,397,False
1045,plain,y,A04__NODE_9_length_16919_cov_13.179851_6,0.0,0,50,486,False
1046,plain,y,H30__NODE_40_length_6121_cov_11.957798_3,0.0,0,50,279,False
1047,plain,y,A14__NODE_33_length_16410_cov_9.947722_15,0.0,0,50,62,False
1048,plain,y,H24__NODE_9_length_40455_cov_27.178688_23,0.0,0,50,488,False
1049,plain,y,H25__NODE_14_length_29568_cov_12.519568_19,0.0,0,50,579,False
1050,plain,y,H25__NODE_19_length_20907_cov_18.865576_22,0.0,0,50,215,False
1051,plain,y,H25__NODE_19_length_20907_cov_18.865576_31,0.0,0,50,246,False
1052,plain,y,H25__NODE_36_length_13254_cov_30.209637_10,0.0,0,50,430,False
1053,plain,y,H25__NODE_36_length_13254_cov_30.209637_8,0.0,0,50,338,False
1054,plain,y,H25__NODE_41_length_12045_cov_17.767389_14,0.0,0,50,93,False
1055,plain,y,H25__NODE_43_length_11445_cov_11.786040_4,0.0,0,50,1489,False
1056,plain,y,A25__NODE_17_length_15013_cov_11.464166_7,0.0,0,50,726,False
1057,plain,y,A25__NODE_2_length_41174_cov_28.989153_30,0.0,0,50,798,False
1058,plain,y,A26__NODE_30_length_17970_cov_11.850405_7,0.0,0,50,338,False
1059,plain,y,H24__NODE_48_length_10063_cov_5.128797_11,0.0,0,50,522,False
1060,plain,y,H24__NODE_49_length_9857_cov_12.195980_10,0.0,0,50,522,False
1061,plain,y,H24__NODE_7_length_42541_cov_67.040484_52,0.0,0,50,338,False
1062,plain,y,H24__NODE_7_length_42541_cov_67.040484_67,0.0,0,50,1307,False
1063,plain,y,H24__NODE_87_length_5957_cov_5.897154_10,0.0,0,50,279,False
1064,plain,y,A23__NODE_8_length_33771_cov_18.645599_29,0.0,0,50,246,False
1065,plain,y,A24__NODE_10_length_39864_cov_139.444447_53,0.0,0,50,798,False
1066,plain,y,A24__NODE_12_length_38155_cov_92.907375_17,0.0,0,50,93,False
1067,plain,y,A24__NODE_12_length_38155_cov_92.907375_46,0.0,0,50,558,False
1068,plain,y,A24__NODE_1_length_94925_cov_114.201687_87,0.0,0,50,246,False
1069,plain,y,A24__NODE_4_length_54907_cov_1408.734522_11,0.0,0,50,604,False
1070,plain,y,A25__NODE_11_length_17829_cov_6.552605_21,0.0,0,50,124,False
1071,plain,y,A25__NODE_11_length_17829_cov_6.552605_35,0.0,0,50,430,False
1072,plain,y,GCA_002160275_Protein1128,0.0,0,50,186,False
1073,plain,y,GCA_002160325_Protein2343,0.0,0,50,154,False
1074,plain,y,GCA_002160755_Protein2279,0.0,0,50,246,False
1075,plain,y,GCA_002160755_Protein906,0.0,0,50,558,False
1076,plain,y,GCA_002161175_Protein2359,0.0,0,50,338,False
1077,plain,y,GCA_002161175_Protein2481,0.0,0,50,614,False
1078,plain,y,GCA_002243515_Protein30,0.0,0,50,2822,False
1079,plain,y,GCA_002251225_Protein641,0.0,0,50,2384,False
1080,plain,y,H28__NODE_40_length_11044_cov_5.325780_8,0.0,0,50,366,False
1081,plain,y,H28__NODE_51_length_9615_cov_297.966527_7,0.0,0,50,186,False
1082,plain,y,H28__NODE_56_length_8482_cov_23.017681_14,0.0,0,50,246,False
1083,plain,y,H28__NODE_6_length_42566_cov_236.302416_41,0.0,0,50,670,False
1084,plain,y,H28__NODE_9_length_32951_cov_10.586941_12,0.0,0,50,1086,False
1085,plain,y,H29__NODE_86_length_7334_cov_4.383569_9,0.0,0,50,246,False
1086,plain,y,GCA_002159835_Protein1200,0.0,0,50,1068,False
1087,plain,y,GCA_002160015_Protein2630,0.0,0,50,430,False
1088,plain,y,H27__NODE_15_length_35026_cov_70.940465_2,0.0,0,50,306,False
1089,plain,y,H27__NODE_15_length_35026_cov_70.940465_5,0.0,0,50,515,False
1090,plain,y,H27__NODE_24_length_24233_cov_24.430722_3,0.0,0,50,1034,False
1091,plain,y,H27__NODE_29_length_21822_cov_27.859604_15,0.0,0,50,1125,False
1092,plain,y,H27__NODE_36_length_18938_cov_9.779325_1,0.0,0,50,1446,False
1093,plain,y,H27__NODE_4_length_68741_cov_88.522261_12,0.0,0,50,246,False
1094,plain,y,H28__NODE_10_length_30661_cov_25.024276_16,0.0,0,50,186,False
1095,plain,y,H28__NODE_3_length_80676_cov_53.480768_133,0.0,0,50,372,False
1096,plain,y,A14__NODE_5_length_49878_cov_24.697730_36,0.0,0,50,430,False
1097,plain,y,A14__NODE_5_length_49878_cov_24.697730_7,0.0,0,50,430,False
1098,plain,y,A14__NODE_65_length_10957_cov_15.618327_15,0.0,0,50,246,False
1099,plain,y,A14__NODE_7_length_44617_cov_61.804654_47,0.0,0,50,246,False
1100,plain,y,A16__NODE_3_length_33063_cov_33.444135_18,0.0,0,50,651,False
1101,plain,y,A17__NODE_1_length_132812_cov_372.651589_35,0.0,0,50,338,False
1102,plain,y,H27__NODE_12_length_37833_cov_677.982344_51,0.0,0,50,604,False
1103,plain,y,H27__NODE_138_length_7013_cov_8.099023_2,0.0,0,50,246,False
