arm,task,model,family_truth,level,n_folds,auc,auc_sd,ap,ap_sd,n_units,prevalence
1_baseline_clr_concat_quantile,w_class,mlp_clf_w_class,majority,genus,10,0.5936,0.0136,0.5757,0.0108,1926,0.4906
1_baseline_clr_concat_quantile,w_class,mlp_clf_w_class,majority,family,10,0.5964,0.0142,0.6093,0.0116,1429,0.5259
1_baseline_clr_concat_quantile,w_class,sparse_logistic,majority,genus,10,0.6012,0.0133,0.5871,0.0128,1926,0.4906
1_baseline_clr_concat_quantile,w_class,sparse_logistic,majority,family,10,0.6029,0.0155,0.6201,0.0145,1429,0.5259
1_baseline_clr_concat_quantile,w_class,xgb_clf,majority,genus,10,0.5987,0.0116,0.583,0.0097,1926,0.4906
1_baseline_clr_concat_quantile,w_class,xgb_clf,majority,family,10,0.6014,0.0144,0.6163,0.0137,1429,0.5259
1_baseline_clr_concat_quantile,y,mlp_clf_y,majority,genus,10,0.7781,0.0385,0.1732,0.0322,1926,0.0248
1_baseline_clr_concat_quantile,y,mlp_clf_y,majority,family,10,0.7797,0.04,0.1718,0.0371,1429,0.0239
1_baseline_clr_concat_quantile,y,sparse_logistic,majority,genus,10,0.6282,0.0485,0.0748,0.0245,1926,0.0248
1_baseline_clr_concat_quantile,y,sparse_logistic,majority,family,10,0.6251,0.0712,0.0687,0.0258,1429,0.0239
1_baseline_clr_concat_quantile,y,xgb_clf,majority,genus,10,0.7676,0.0283,0.1455,0.033,1926,0.0248
1_baseline_clr_concat_quantile,y,xgb_clf,majority,family,10,0.7688,0.0348,0.1416,0.0524,1429,0.0239
2_presence_concat_quantile,w_class,mlp_clf_w_class,majority,genus,10,0.5937,0.0072,0.573,0.0075,1926,0.4906
2_presence_concat_quantile,w_class,mlp_clf_w_class,majority,family,10,0.5951,0.0108,0.605,0.0102,1429,0.5259
2_presence_concat_quantile,w_class,sparse_logistic,majority,genus,10,0.6008,0.0132,0.5867,0.0127,1926,0.4906
2_presence_concat_quantile,w_class,sparse_logistic,majority,family,10,0.6024,0.0157,0.6196,0.0144,1429,0.5259
2_presence_concat_quantile,w_class,xgb_clf,majority,genus,10,0.5954,0.0122,0.5783,0.0091,1926,0.4906
2_presence_concat_quantile,w_class,xgb_clf,majority,family,10,0.5985,0.0157,0.6124,0.013,1429,0.5259
2_presence_concat_quantile,y,mlp_clf_y,majority,genus,10,0.7859,0.0419,0.1786,0.0317,1926,0.0248
2_presence_concat_quantile,y,mlp_clf_y,majority,family,10,0.7918,0.0385,0.1833,0.055,1429,0.0239
2_presence_concat_quantile,y,sparse_logistic,majority,genus,10,0.6237,0.0531,0.0742,0.0245,1926,0.0248
2_presence_concat_quantile,y,sparse_logistic,majority,family,10,0.6204,0.0717,0.0684,0.0259,1429,0.0239
2_presence_concat_quantile,y,xgb_clf,majority,genus,10,0.7839,0.0313,0.1599,0.0502,1926,0.0248
2_presence_concat_quantile,y,xgb_clf,majority,family,10,0.7857,0.0331,0.1435,0.0373,1429,0.0239
3_presence_concat_equaldim,w_class,mlp_clf_w_class,majority,genus,10,0.5943,0.0079,0.5788,0.0098,1926,0.4906
3_presence_concat_equaldim,w_class,mlp_clf_w_class,majority,family,10,0.5974,0.0088,0.6089,0.0104,1429,0.5259
3_presence_concat_equaldim,w_class,sparse_logistic,majority,genus,10,0.6007,0.013,0.5864,0.0122,1926,0.4906
3_presence_concat_equaldim,w_class,sparse_logistic,majority,family,10,0.6024,0.0155,0.6194,0.0142,1429,0.5259
3_presence_concat_equaldim,w_class,xgb_clf,majority,genus,10,0.6001,0.0107,0.5823,0.0101,1926,0.4906
3_presence_concat_equaldim,w_class,xgb_clf,majority,family,10,0.6023,0.0139,0.6156,0.0146,1429,0.5259
3_presence_concat_equaldim,y,mlp_clf_y,majority,genus,10,0.7502,0.0435,0.197,0.0561,1926,0.0248
3_presence_concat_equaldim,y,mlp_clf_y,majority,family,10,0.7561,0.0515,0.2104,0.0739,1429,0.0239
3_presence_concat_equaldim,y,sparse_logistic,majority,genus,10,0.6086,0.054,0.0729,0.0245,1926,0.0248
3_presence_concat_equaldim,y,sparse_logistic,majority,family,10,0.6053,0.0726,0.0667,0.0257,1429,0.0239
3_presence_concat_equaldim,y,xgb_clf,majority,genus,10,0.7545,0.0307,0.1307,0.0409,1926,0.0248
3_presence_concat_equaldim,y,xgb_clf,majority,family,10,0.7469,0.0384,0.1189,0.0448,1429,0.0239
4_full_presence_sum_equaldim,w_class,mlp_clf_w_class,majority,genus,10,0.5956,0.0054,0.5773,0.0096,1926,0.4906
4_full_presence_sum_equaldim,w_class,mlp_clf_w_class,majority,family,10,0.5947,0.0096,0.6042,0.013,1429,0.5259
4_full_presence_sum_equaldim,w_class,sparse_logistic,majority,genus,10,0.6008,0.0129,0.5865,0.0122,1926,0.4906
4_full_presence_sum_equaldim,w_class,sparse_logistic,majority,family,10,0.6025,0.0155,0.6196,0.0142,1429,0.5259
4_full_presence_sum_equaldim,w_class,xgb_clf,majority,genus,10,0.5896,0.0145,0.5719,0.0106,1926,0.4906
4_full_presence_sum_equaldim,w_class,xgb_clf,majority,family,10,0.5943,0.0178,0.6075,0.0142,1429,0.5259
4_full_presence_sum_equaldim,y,mlp_clf_y,majority,genus,10,0.7889,0.0394,0.2052,0.0447,1926,0.0248
4_full_presence_sum_equaldim,y,mlp_clf_y,majority,family,10,0.7858,0.0426,0.2165,0.0661,1429,0.0239
4_full_presence_sum_equaldim,y,sparse_logistic,majority,genus,10,0.6247,0.0508,0.0736,0.0243,1926,0.0248
4_full_presence_sum_equaldim,y,sparse_logistic,majority,family,10,0.6196,0.0695,0.0674,0.0256,1429,0.0239
4_full_presence_sum_equaldim,y,xgb_clf,majority,genus,10,0.7818,0.0329,0.151,0.0573,1926,0.0248
4_full_presence_sum_equaldim,y,xgb_clf,majority,family,10,0.7802,0.0399,0.1285,0.0473,1429,0.0239
