outer_fold,task,task_type,model,n,n_pos,n_neg,auc,ap,r2
0,y,binary,sparse_logistic,581,20.0,561.0,0.6514260249554368,0.13167685388581876,
0,y,binary,xgb_clf,581,20.0,561.0,0.7065062388591801,0.17532832862229394,
0,y,binary,mlp_clf_y,581,20.0,561.0,0.6591800356506239,0.22780417534043404,
0,w_reg,regression,linreg,581,,,,,-0.1469193488769449
0,w_reg,regression,xgb_reg,581,,,,,-0.13923575262764643
0,w_reg,regression,mlp_reg,581,,,,,-0.12227489956044724
0,w_class,binary,sparse_logistic,581,254.0,327.0,0.6150280526860747,0.5145626274864555,
0,w_class,binary,xgb_clf,581,254.0,327.0,0.6167316814755954,0.526827052241917,
0,w_class,binary,mlp_clf_w_class,581,254.0,327.0,0.614660839413422,0.5299037621880671,
0,y,binary,mlp_latent_yw,581,20.0,561.0,0.66524064171123,0.2588174740064618,
0,w_class,binary,mlp_latent_yw,581,254.0,327.0,0.6250752486214453,0.5542158501898007,
1,y,binary,sparse_logistic,607,18.0,589.0,0.7961233729485003,0.1454939516630986,
1,y,binary,xgb_clf,607,18.0,589.0,0.7757026976042256,0.16143547246478276,
1,y,binary,mlp_clf_y,607,18.0,589.0,0.7735332956046028,0.14900547528019228,
1,w_reg,regression,linreg,607,,,,,-0.17193738727187813
1,w_reg,regression,xgb_reg,607,,,,,-0.1711089706162101
1,w_reg,regression,mlp_reg,607,,,,,-0.14928856285987568
1,w_class,binary,sparse_logistic,607,262.0,345.0,0.5881015599070694,0.492402878015204,
1,w_class,binary,xgb_clf,607,262.0,345.0,0.5763524726186525,0.5021867753305571,
1,w_class,binary,mlp_clf_w_class,607,262.0,345.0,0.5851255669874986,0.5054186142830852,
1,y,binary,mlp_latent_yw,607,18.0,589.0,0.7862667421241276,0.1657241215728099,
1,w_class,binary,mlp_latent_yw,607,262.0,345.0,0.6078271932735921,0.5367131770800346,
2,y,binary,sparse_logistic,591,19.0,572.0,0.7965587044534413,0.21207713618574797,
2,y,binary,xgb_clf,591,19.0,572.0,0.8129370629370629,0.30821529578963647,
2,y,binary,mlp_clf_y,591,19.0,572.0,0.8346521899153478,0.21396354941526968,
2,w_reg,regression,linreg,591,,,,,-0.16970717823177295
2,w_reg,regression,xgb_reg,591,,,,,-0.16899045379464117
2,w_reg,regression,mlp_reg,591,,,,,-0.15394145585906793
2,w_class,binary,sparse_logistic,591,270.0,321.0,0.5874581746855889,0.522807948546271,
2,w_class,binary,xgb_clf,591,270.0,321.0,0.5553824852890273,0.5086677639640645,
2,w_class,binary,mlp_clf_w_class,591,270.0,321.0,0.5615437867774316,0.5079333149998042,
2,y,binary,mlp_latent_yw,591,19.0,572.0,0.8317077659182923,0.25830844873308817,
2,w_class,binary,mlp_latent_yw,591,270.0,321.0,0.5539979231568017,0.49735972111631976,
3,y,binary,sparse_logistic,577,27.0,550.0,0.7950505050505051,0.2519695407738654,
3,y,binary,xgb_clf,577,27.0,550.0,0.7822895622895623,0.3131514732446462,
3,y,binary,mlp_clf_y,577,27.0,550.0,0.7533333333333333,0.4169425761155864,
3,w_reg,regression,linreg,577,,,,,-0.12121644163231737
3,w_reg,regression,xgb_reg,577,,,,,-0.12515312153723612
3,w_reg,regression,mlp_reg,577,,,,,-0.1021169066348957
3,w_class,binary,sparse_logistic,577,232.0,345.0,0.5868628185907048,0.4979981053211794,
3,w_class,binary,xgb_clf,577,232.0,345.0,0.6067466266866567,0.47629259242795785,
3,w_class,binary,mlp_clf_w_class,577,232.0,345.0,0.5745377311344327,0.46676686774800025,
3,y,binary,mlp_latent_yw,577,27.0,550.0,0.761010101010101,0.47039462197845133,
3,w_class,binary,mlp_latent_yw,577,232.0,345.0,0.6072338830584708,0.4898318781414217,
4,y,binary,sparse_logistic,552,18.0,534.0,0.7371514773200167,0.22228668673724936,
4,y,binary,xgb_clf,552,18.0,534.0,0.8475863503953391,0.3228637684071865,
4,y,binary,mlp_clf_y,552,18.0,534.0,0.8039950062421973,0.2417107735578958,
4,w_reg,regression,linreg,552,,,,,-0.14527649464257242
4,w_reg,regression,xgb_reg,552,,,,,-0.14237597751322673
4,w_reg,regression,mlp_reg,552,,,,,-0.11955471493966763
4,w_class,binary,sparse_logistic,552,236.0,316.0,0.5876823642995066,0.4891890807940406,
4,w_class,binary,xgb_clf,552,236.0,316.0,0.5656444432525208,0.4820725852071601,
4,w_class,binary,mlp_clf_w_class,552,236.0,316.0,0.567716155331474,0.47880850011472353,
4,y,binary,mlp_latent_yw,552,18.0,534.0,0.8064918851435706,0.2758962844031267,
4,w_class,binary,mlp_latent_yw,552,236.0,316.0,0.5844105342201245,0.4891358839089247,
5,y,binary,sparse_logistic,564,17.0,547.0,0.7870201096892139,0.2028571907460477,
5,y,binary,xgb_clf,564,17.0,547.0,0.8127755672652973,0.1263955329291873,
5,y,binary,mlp_clf_y,564,17.0,547.0,0.8020217227658888,0.19392777255930502,
5,w_reg,regression,linreg,564,,,,,-0.15572792953846148
5,w_reg,regression,xgb_reg,564,,,,,-0.15464930238386
5,w_reg,regression,mlp_reg,564,,,,,-0.1420690791431083
5,w_class,binary,sparse_logistic,564,232.0,332.0,0.5614094308267552,0.455929982179806,
5,w_class,binary,xgb_clf,564,232.0,332.0,0.5375012982966347,0.4385104881645565,
5,w_class,binary,mlp_clf_w_class,564,232.0,332.0,0.5242521811383465,0.43598935244613646,
5,y,binary,mlp_latent_yw,564,17.0,547.0,0.78836434025164,0.21643725201551053,
5,w_class,binary,mlp_latent_yw,564,232.0,332.0,0.5528406730369755,0.4553842354998704,
6,y,binary,sparse_logistic,582,23.0,559.0,0.7282803142257136,0.24468129687562554,
6,y,binary,xgb_clf,582,23.0,559.0,0.7747530528116979,0.13184292324796476,
6,y,binary,mlp_clf_y,582,23.0,559.0,0.8052422804697831,0.19434391184752478,
6,w_reg,regression,linreg,582,,,,,-0.1803354892196085
6,w_reg,regression,xgb_reg,582,,,,,-0.166201999548919
6,w_reg,regression,mlp_reg,582,,,,,-0.1693320625474939
6,w_class,binary,sparse_logistic,582,270.0,312.0,0.6090396486229819,0.5419127143753883,
6,w_class,binary,xgb_clf,582,270.0,312.0,0.6032466761633428,0.5573697788351949,
6,w_class,binary,mlp_clf_w_class,582,270.0,312.0,0.5573361823361824,0.5063959471253078,
6,y,binary,mlp_latent_yw,582,23.0,559.0,0.7981644240491561,0.2088066325583115,
6,w_class,binary,mlp_latent_yw,582,270.0,312.0,0.568815289648623,0.5191109653081236,
7,y,binary,sparse_logistic,573,17.0,556.0,0.6984765129073212,0.16299212634111226,
7,y,binary,xgb_clf,573,17.0,556.0,0.7788298772746508,0.23941725894439841,
7,y,binary,mlp_clf_y,573,17.0,556.0,0.7761320355480321,0.2315538222331983,
7,w_reg,regression,linreg,573,,,,,-0.12785787193598797
7,w_reg,regression,xgb_reg,573,,,,,-0.12864765476941953
7,w_reg,regression,mlp_reg,573,,,,,-0.12808026541064677
7,w_class,binary,sparse_logistic,573,230.0,343.0,0.5745404994295856,0.4476101651635342,
7,w_class,binary,xgb_clf,573,230.0,343.0,0.5697236658638611,0.4695321026075068,
7,w_class,binary,mlp_clf_w_class,573,230.0,343.0,0.5473634174166562,0.43795990464763557,
7,y,binary,mlp_latent_yw,573,17.0,556.0,0.7596275920440119,0.27013610439589153,
7,w_class,binary,mlp_latent_yw,573,230.0,343.0,0.5824629230574216,0.4728447726320228,
8,y,binary,sparse_logistic,576,22.0,554.0,0.8106334099113883,0.16971752956104819,
8,y,binary,xgb_clf,576,22.0,554.0,0.8201509681654086,0.22482133852714975,
8,y,binary,mlp_clf_y,576,22.0,554.0,0.8074335411880538,0.23764653166367294,
8,w_reg,regression,linreg,576,,,,,-0.15292666753916562
8,w_reg,regression,xgb_reg,576,,,,,-0.1571901913399003
8,w_reg,regression,mlp_reg,576,,,,,-0.13688521198127646
8,w_class,binary,sparse_logistic,576,230.0,346.0,0.5994408142749434,0.47193501744952016,
8,w_class,binary,xgb_clf,576,230.0,346.0,0.5857187735611963,0.47756565296303366,
8,w_class,binary,mlp_clf_w_class,576,230.0,346.0,0.5834066348328726,0.47933083095050705,
8,y,binary,mlp_latent_yw,576,22.0,554.0,0.8004594683295045,0.27415418180184603,
8,w_class,binary,mlp_latent_yw,576,230.0,346.0,0.600270168384016,0.4682475201634034,
9,y,binary,sparse_logistic,563,17.0,546.0,0.7823206205559148,0.10268839033024532,
9,y,binary,xgb_clf,563,17.0,546.0,0.7642749407455289,0.1266133050269735,
9,y,binary,mlp_clf_y,563,17.0,546.0,0.7504848093083387,0.14402719853905718,
9,w_reg,regression,linreg,563,,,,,-0.19179748707936972
9,w_reg,regression,xgb_reg,563,,,,,-0.19149088668932435
9,w_reg,regression,mlp_reg,563,,,,,-0.17931630633419804
9,w_class,binary,sparse_logistic,563,257.0,306.0,0.5895513847562371,0.5420569930987202,
9,w_class,binary,xgb_clf,563,257.0,306.0,0.5726329442282749,0.5100954871052403,
9,w_class,binary,mlp_clf_w_class,563,257.0,306.0,0.551842526894026,0.4981447017996818,
9,y,binary,mlp_latent_yw,563,17.0,546.0,0.7564102564102564,0.12833978645219063,
9,w_class,binary,mlp_latent_yw,563,257.0,306.0,0.5809363953103939,0.5253506892383566,
