model,threshold,outer_fold,n_pos_train,n_pos_test,n_train,n_test,auc
l2_logistic,0.09090909090909091,0,975,118,4717,533,0.5577904839697775
l2_logistic,0.09090909090909091,1,996,97,4716,534,0.5695581400835122
l2_logistic,0.09090909090909091,2,971,122,4700,550,0.5596177416883714
l2_logistic,0.09090909090909091,3,982,111,4736,514,0.522209554467619
l2_logistic,0.09090909090909091,4,960,133,4724,526,0.5453710612408885
l2_logistic,0.09090909090909091,5,997,96,4722,528,0.5803433641975307
l2_logistic,0.09090909090909091,6,988,105,4719,531,0.5825843952604516
l2_logistic,0.09090909090909091,7,983,110,4712,538,0.5663976210705182
l2_logistic,0.09090909090909091,8,989,104,4752,498,0.5667463881296368
l2_logistic,0.09090909090909091,9,996,97,4752,498,0.6046995912281152
l2_logistic,0.18181818181818182,0,665,82,4717,533,0.5125736844951598
l2_logistic,0.18181818181818182,1,683,64,4716,534,0.6009308510638298
l2_logistic,0.18181818181818182,2,661,86,4700,550,0.6097133119486768
l2_logistic,0.18181818181818182,3,681,66,4736,514,0.5847199675324675
l2_logistic,0.18181818181818182,4,659,88,4724,526,0.5116749688667497
l2_logistic,0.18181818181818182,5,685,62,4722,528,0.5775301121417694
l2_logistic,0.18181818181818182,6,667,80,4719,531,0.5597006651884701
l2_logistic,0.18181818181818182,7,674,73,4712,538,0.5709824716453086
l2_logistic,0.18181818181818182,8,671,76,4752,498,0.5987777500623597
l2_logistic,0.18181818181818182,9,677,70,4752,498,0.5447930574098798
l2_logistic,0.2727272727272727,0,559,69,4717,533,0.4796351824087956
l2_logistic,0.2727272727272727,1,573,55,4716,534,0.5804896564813058
l2_logistic,0.2727272727272727,2,555,73,4700,550,0.6139685821774217
l2_logistic,0.2727272727272727,3,568,60,4736,514,0.608920704845815
l2_logistic,0.2727272727272727,4,558,70,4724,526,0.5079887218045113
l2_logistic,0.2727272727272727,5,573,55,4722,528,0.5863540265231597
l2_logistic,0.2727272727272727,6,558,70,4719,531,0.562193988224357
l2_logistic,0.2727272727272727,7,565,63,4712,538,0.5951879699248119
l2_logistic,0.2727272727272727,8,567,61,4752,498,0.5915519375773719
l2_logistic,0.2727272727272727,9,576,52,4752,498,0.5123749568816834
l2_logistic,0.36363636363636365,0,462,55,4717,533,0.5080639026245721
l2_logistic,0.36363636363636365,1,469,48,4716,534,0.5959362139917697
l2_logistic,0.36363636363636365,2,460,57,4700,550,0.5443578520337354
l2_logistic,0.36363636363636365,3,465,52,4736,514,0.5606060606060606
l2_logistic,0.36363636363636365,4,463,54,4724,526,0.519656308851224
l2_logistic,0.36363636363636365,5,470,47,4722,528,0.57305259432919
l2_logistic,0.36363636363636365,6,459,58,4719,531,0.5337537362397026
l2_logistic,0.36363636363636365,7,465,52,4712,538,0.6304210193099081
l2_logistic,0.36363636363636365,8,466,51,4752,498,0.5597227705399834
l2_logistic,0.36363636363636365,9,474,43,4752,498,0.5072323025811398
l2_logistic,0.4545454545454546,0,393,50,4717,533,0.5124223602484472
l2_logistic,0.4545454545454546,1,402,41,4716,534,0.6399346954929995
l2_logistic,0.4545454545454546,2,395,48,4700,550,0.5213313413014609
l2_logistic,0.4545454545454546,3,399,44,4736,514,0.5550290135396518
l2_logistic,0.4545454545454546,4,398,45,4724,526,0.5428505428505428
l2_logistic,0.4545454545454546,5,403,40,4722,528,0.5454918032786885
l2_logistic,0.4545454545454546,6,391,52,4719,531,0.5198329853862212
l2_logistic,0.4545454545454546,7,397,46,4712,538,0.6113909508660303
l2_logistic,0.4545454545454546,8,406,37,4752,498,0.5468136249047313
l2_logistic,0.4545454545454546,9,403,40,4752,498,0.5140283842794761
l2_logistic,0.5454545454545454,0,328,43,4717,533,0.503891789273849
l2_logistic,0.5454545454545454,1,336,35,4716,534,0.6372745490981964
l2_logistic,0.5454545454545454,2,330,41,4700,550,0.5396041976136854
l2_logistic,0.5454545454545454,3,336,35,4736,514,0.6003578884580972
l2_logistic,0.5454545454545454,4,329,42,4724,526,0.5500787091696182
l2_logistic,0.5454545454545454,5,337,34,4722,528,0.5344129554655871
l2_logistic,0.5454545454545454,6,328,43,4719,531,0.5064811284788411
l2_logistic,0.5454545454545454,7,333,38,4712,538,0.6263157894736842
l2_logistic,0.5454545454545454,8,343,28,4752,498,0.5378419452887537
l2_logistic,0.5454545454545454,9,339,32,4752,498,0.4993964592274678
l2_logistic,0.6363636363636364,0,293,38,4717,533,0.47953216374269003
l2_logistic,0.6363636363636364,1,300,31,4716,534,0.6261784133906241
l2_logistic,0.6363636363636364,2,294,37,4700,550,0.5395395395395395
l2_logistic,0.6363636363636364,3,299,32,4736,514,0.5787733402489628
l2_logistic,0.6363636363636364,4,295,36,4724,526,0.527437641723356
l2_logistic,0.6363636363636364,5,304,27,4722,528,0.5584386781991572
l2_logistic,0.6363636363636364,6,289,42,4719,531,0.5203525172850326
l2_logistic,0.6363636363636364,7,296,35,4712,538,0.6178358420903153
l2_logistic,0.6363636363636364,8,306,25,4752,498,0.5230443974630021
l2_logistic,0.6363636363636364,9,303,28,4752,498,0.5017477203647416
l2_logistic,0.7272727272727273,0,207,32,4717,533,0.5144710578842315
l2_logistic,0.7272727272727273,1,219,20,4716,534,0.6453307392996109
l2_logistic,0.7272727272727273,2,215,24,4700,550,0.4606305449936629
l2_logistic,0.7272727272727273,3,221,18,4736,514,0.5190412186379929
l2_logistic,0.7272727272727273,4,213,26,4724,526,0.5036923076923077
l2_logistic,0.7272727272727273,5,219,20,4722,528,0.621259842519685
l2_logistic,0.7272727272727273,6,206,33,4719,531,0.5103444079347694
l2_logistic,0.7272727272727273,7,215,24,4712,538,0.6598573281452659
l2_logistic,0.7272727272727273,8,220,19,4752,498,0.5236787166245467
l2_logistic,0.7272727272727273,9,216,23,4752,498,0.4855835240274599
l2_logistic,0.8181818181818182,0,162,22,4717,533,0.5253513609677993
l2_logistic,0.8181818181818182,1,169,15,4716,534,0.5925497752087348
l2_logistic,0.8181818181818182,2,164,20,4700,550,0.47188679245283016
l2_logistic,0.8181818181818182,3,166,18,4736,514,0.5089605734767025
l2_logistic,0.8181818181818182,4,164,20,4724,526,0.4684782608695652
l2_logistic,0.8181818181818182,5,170,14,4722,528,0.636325736520289
l2_logistic,0.8181818181818182,6,158,26,4719,531,0.44455445544554456
l2_logistic,0.8181818181818182,7,165,19,4712,538,0.7185883784606024
l2_logistic,0.8181818181818182,8,171,13,4752,498,0.5221252973830294
l2_logistic,0.8181818181818182,9,167,17,4752,498,0.4440503852268558
l2_logistic,0.9090909090909092,0,98,10,4717,533,0.669980879541109
l2_logistic,0.9090909090909092,1,97,11,4716,534,0.6012515209455936
l2_logistic,0.9090909090909092,2,98,10,4700,550,0.4812962962962963
l2_logistic,0.9090909090909092,3,95,13,4736,514,0.484722861968371
l2_logistic,0.9090909090909092,4,95,13,4724,526,0.5695006747638327
l2_logistic,0.9090909090909092,5,97,11,4722,528,0.6108668893968701
l2_logistic,0.9090909090909092,6,91,17,4719,531,0.4874113069352255
l2_logistic,0.9090909090909092,7,99,9,4712,538,0.5498844780508296
l2_logistic,0.9090909090909092,8,101,7,4752,498,0.5138201920279313
l2_logistic,0.9090909090909092,9,101,7,4752,498,0.6144893802734943
xgboost,0.09090909090909091,0,975,118,4717,533,0.5831325301204819
xgboost,0.09090909090909091,1,996,97,4716,534,0.5781688645639198
xgboost,0.09090909090909091,2,971,122,4700,550,0.5382641335988969
xgboost,0.09090909090909091,3,982,111,4736,514,0.5172914850334205
xgboost,0.09090909090909091,4,960,133,4724,526,0.5731504333352465
xgboost,0.09090909090909091,5,997,96,4722,528,0.5493344907407407
xgboost,0.09090909090909091,6,988,105,4719,531,0.5779566286608541
xgboost,0.09090909090909091,7,983,110,4712,538,0.5686703483432455
xgboost,0.09090909090909091,8,989,104,4752,498,0.5433668488871535
xgboost,0.09090909090909091,9,996,97,4752,498,0.617322672699694
xgboost,0.18181818181818182,0,665,82,4717,533,0.5262830566221406
xgboost,0.18181818181818182,1,683,64,4716,534,0.5572473404255319
xgboost,0.18181818181818182,2,661,86,4700,550,0.5899659182036888
xgboost,0.18181818181818182,3,681,66,4736,514,0.5613839285714286
xgboost,0.18181818181818182,4,659,88,4724,526,0.555079908675799
xgboost,0.18181818181818182,5,685,62,4722,528,0.5617818081129725
xgboost,0.18181818181818182,6,667,80,4719,531,0.5791019955654102
xgboost,0.18181818181818182,7,674,73,4712,538,0.6196788923258212
xgboost,0.18181818181818182,8,671,76,4752,498,0.5767335994013469
xgboost,0.18181818181818182,9,677,70,4752,498,0.5523364485981308
xgboost,0.2727272727272727,0,559,69,4717,533,0.47226386806596704
xgboost,0.2727272727272727,1,573,55,4716,534,0.5516037198709433
xgboost,0.2727272727272727,2,555,73,4700,550,0.5719824243990695
xgboost,0.2727272727272727,3,568,60,4736,514,0.5732011747430249
xgboost,0.2727272727272727,4,558,70,4724,526,0.5262218045112782
xgboost,0.2727272727272727,5,573,55,4722,528,0.5684797232365942
xgboost,0.2727272727272727,6,558,70,4719,531,0.5549116826774094
xgboost,0.2727272727272727,7,565,63,4712,538,0.6222890559732664
xgboost,0.2727272727272727,8,567,61,4752,498,0.5669055032449262
xgboost,0.2727272727272727,9,576,52,4752,498,0.5184977578475337
xgboost,0.36363636363636365,0,462,55,4717,533,0.5164701407379232
xgboost,0.36363636363636365,1,469,48,4716,534,0.5602709190672154
xgboost,0.36363636363636365,2,460,57,4700,550,0.552649371908473
xgboost,0.36363636363636365,3,465,52,4736,514,0.5449134199134199
xgboost,0.36363636363636365,4,463,54,4724,526,0.548728813559322
xgboost,0.36363636363636365,5,470,47,4722,528,0.5176272835847304
xgboost,0.36363636363636365,6,459,58,4719,531,0.5226725960486986
xgboost,0.36363636363636365,7,465,52,4712,538,0.6473963279518835
xgboost,0.36363636363636365,8,466,51,4752,498,0.5496337237355793
xgboost,0.36363636363636365,9,474,43,4752,498,0.46409404548939437
xgboost,0.4545454545454546,0,393,50,4717,533,0.5004140786749482
xgboost,0.4545454545454546,1,402,41,4716,534,0.5680502646811458
xgboost,0.4545454545454546,2,395,48,4700,550,0.4941069057104914
xgboost,0.4545454545454546,3,399,44,4736,514,0.5437620889748549
xgboost,0.4545454545454546,4,398,45,4724,526,0.5468699468699469
xgboost,0.4545454545454546,5,403,40,4722,528,0.5664959016393443
xgboost,0.4545454545454546,6,391,52,4719,531,0.5187088485627107
xgboost,0.4545454545454546,7,397,46,4712,538,0.6391834570519619
xgboost,0.4545454545454546,8,406,37,4752,498,0.5413026909773113
xgboost,0.4545454545454546,9,403,40,4752,498,0.4969978165938864
xgboost,0.5454545454545454,0,328,43,4717,533,0.4813478879924063
xgboost,0.5454545454545454,1,336,35,4716,534,0.5349556255367879
xgboost,0.5454545454545454,2,330,41,4700,550,0.514207676457904
xgboost,0.5454545454545454,3,336,35,4736,514,0.516015508499851
xgboost,0.5454545454545454,4,329,42,4724,526,0.5473730814639906
xgboost,0.5454545454545454,5,337,34,4722,528,0.5678137651821863
xgboost,0.5454545454545454,6,328,43,4719,531,0.5454632100648114
xgboost,0.5454545454545454,7,333,38,4712,538,0.6646315789473685
xgboost,0.5454545454545454,8,343,28,4752,498,0.5169452887537994
xgboost,0.5454545454545454,9,339,32,4752,498,0.44950375536480686
xgboost,0.6363636363636364,0,293,38,4717,533,0.5169059011164274
xgboost,0.6363636363636364,1,300,31,4716,534,0.5453087924068493
xgboost,0.6363636363636364,2,294,37,4700,550,0.5266845793161583
xgboost,0.6363636363636364,3,299,32,4736,514,0.49799014522821583
xgboost,0.6363636363636364,4,295,36,4724,526,0.5297052154195012
xgboost,0.6363636363636364,5,304,27,4722,528,0.6072299844754934
xgboost,0.6363636363636364,6,289,42,4719,531,0.5420683610867659
xgboost,0.6363636363636364,7,296,35,4712,538,0.6614030105083782
xgboost,0.6363636363636364,8,306,25,4752,498,0.5418181818181819
xgboost,0.6363636363636364,9,303,28,4752,498,0.4851823708206687
xgboost,0.7272727272727273,0,207,32,4717,533,0.5801521956087824
xgboost,0.7272727272727273,1,219,20,4716,534,0.6114785992217899
xgboost,0.7272727272727273,2,215,24,4700,550,0.5083967046894804
xgboost,0.7272727272727273,3,221,18,4736,514,0.5323700716845878
xgboost,0.7272727272727273,4,213,26,4724,526,0.45715384615384613
xgboost,0.7272727272727273,5,219,20,4722,528,0.6482283464566929
xgboost,0.7272727272727273,6,206,33,4719,531,0.5390653523183644
xgboost,0.7272727272727273,7,215,24,4712,538,0.6912289234760052
xgboost,0.7272727272727273,8,220,19,4752,498,0.5338973739149544
xgboost,0.7272727272727273,9,216,23,4752,498,0.49784897025171626
xgboost,0.8181818181818182,0,162,22,4717,533,0.5519480519480519
xgboost,0.8181818181818182,1,169,15,4716,534,0.5807321772639692
xgboost,0.8181818181818182,2,164,20,4700,550,0.5257547169811321
xgboost,0.8181818181818182,3,166,18,4736,514,0.569668458781362
xgboost,0.8181818181818182,4,164,20,4724,526,0.383498023715415
xgboost,0.8181818181818182,5,170,14,4722,528,0.6580044469149527
xgboost,0.8181818181818182,6,158,26,4719,531,0.5011424219345011
xgboost,0.8181818181818182,7,165,19,4712,538,0.6958726295507554
xgboost,0.8181818181818182,8,171,13,4752,498,0.5647898493259318
xgboost,0.8181818181818182,9,167,17,4752,498,0.5355264767029473
xgboost,0.9090909090909092,0,98,10,4717,533,0.7059273422562141
xgboost,0.9090909090909092,1,97,11,4716,534,0.662610811750391
xgboost,0.9090909090909092,2,98,10,4700,550,0.5544444444444445
xgboost,0.9090909090909092,3,95,13,4736,514,0.5644096422539536
xgboost,0.9090909090909092,4,95,13,4724,526,0.5504573399310242
xgboost,0.9090909090909092,5,97,11,4722,528,0.6397045894144541
xgboost,0.9090909090909092,6,91,17,4719,531,0.574387731746395
xgboost,0.9090909090909092,7,99,9,4712,538,0.6114261709724848
xgboost,0.9090909090909092,8,101,7,4752,498,0.6217631655513529
xgboost,0.9090909090909092,9,101,7,4752,498,0.7078847832411987
