outer_fold,inner_fold,role,task,task_type,model,n,n_pos,n_neg,auc,ap,brier,y_mean,y_std,r2,mse,rmse,mae
0,-1,test,y,binary,sparse_logistic,2755,69.0,2686.0,0.7579532088014073,0.17487011108583933,0.1259846888288734,,,,,,
0,-1,train,y,binary,sparse_logistic,24787,613.0,24174.0,0.9086703306951734,0.2535208487959813,0.12426795170520999,,,,,,
0,-1,test,y,binary,xgb_clf,2755,69.0,2686.0,0.8190483127758532,0.20156293631570654,0.06426994674248121,,,,,,
0,-1,train,y,binary,xgb_clf,24787,613.0,24174.0,0.9829377645566111,0.5878298802636973,0.056631894730213184,,,,,,
0,-1,test,w_reg,regression,linreg,533,,,,,,0.05639774859287055,0.17134301259417162,-0.0043217458579236645,0.029429988102789677,0.1715517067906632,0.08566125365823339
0,-1,train,w_reg,regression,linreg,4717,,,,,,0.04688997244011024,0.15922660561969715,0.044233423644945535,0.024226519905401166,0.15564870672575845,0.07693244147400545
0,-1,test,w_reg,regression,xgb_reg,533,,,,,,0.05639774859287055,0.17134301259417162,-0.060064043038702275,0.03106342395103084,0.1762481885042534,0.08625000196704982
0,-1,train,w_reg,regression,xgb_reg,4717,,,,,,0.04688997244011024,0.15922660561969715,0.6469064488369987,0.008950122506210611,0.09460508710534868,0.047841266548297054
0,0,val,y,binary,sparse_logistic,4958,123.0,4835.0,0.7456823130795941,0.264484183220538,0.121359334711847,,,,,,
0,0,train,y,binary,sparse_logistic,19829,490.0,19339.0,0.9195455730252181,0.2412857162945917,0.12184039717443206,,,,,,
0,0,val,y,binary,xgb_clf,4958,123.0,4835.0,0.8372050007987153,0.3386910151232162,0.0611515807107568,,,,,,
0,0,train,y,binary,xgb_clf,19829,490.0,19339.0,0.9848836178558501,0.6101458105731692,0.054070163455329445,,,,,,
0,0,val,w_reg,regression,linreg,923,,,,,,0.04270855904658722,0.1480400829610203,-0.11414424202080209,0.024390981667551517,0.15617612387158133,0.08515285919233753
0,0,train,w_reg,regression,linreg,3794,,,,,,0.04790722192936215,0.16183333983428477,0.008085584560039272,0.02597142098295072,0.16115651083015764,0.0856769058018585
0,0,val,w_reg,regression,xgb_reg,923,,,,,,0.04270855904658722,0.1480400829610203,-0.087063947729626,0.023798136561239296,0.15426644664747838,0.07538269649712101
0,0,train,w_reg,regression,xgb_reg,3794,,,,,,0.04790722192936215,0.16183333983428477,0.7087676463432915,0.007625373664238058,0.0873233855518558,0.045070319414854364
0,1,val,y,binary,sparse_logistic,4958,123.0,4835.0,0.7492925063687037,0.1879824918204685,0.12944143213530845,,,,,,
0,1,train,y,binary,sparse_logistic,19829,490.0,19339.0,0.9212518111334714,0.2605710992331076,0.11994030215807958,,,,,,
0,1,val,y,binary,xgb_clf,4958,123.0,4835.0,0.8460228180358328,0.2706283912919343,0.06075510283245835,,,,,,
0,1,train,y,binary,xgb_clf,19829,490.0,19339.0,0.9864838525513105,0.6458443820007328,0.050333369178246615,,,,,,
0,1,val,w_reg,regression,linreg,969,,,,,,0.04472652218782249,0.1576412934651039,-0.026999479536065518,0.02549539724107173,0.15967278177908636,0.07836675511740371
0,1,train,w_reg,regression,linreg,3748,,,,,,0.04744930629669157,0.15965001701805773,0.06183004216580712,0.023905815920751576,0.15461505722519905,0.07774916169431415
0,1,val,w_reg,regression,xgb_reg,969,,,,,,0.04472652218782249,0.1576412934651039,-0.08254993650434495,0.026874444646206867,0.16393426928560992,0.07906718196847137
0,1,train,w_reg,regression,xgb_reg,3748,,,,,,0.04744930629669157,0.15965001701805773,0.7045261656068988,0.007529065533825677,0.08677018804765653,0.04489051911786654
0,2,val,y,binary,sparse_logistic,4957,122.0,4835.0,0.7154101751233323,0.18524342680125486,0.1311022153381251,,,,,,
0,2,train,y,binary,sparse_logistic,19830,491.0,19339.0,0.9220292268433015,0.25634950084816144,0.12013224869446729,,,,,,
0,2,val,y,binary,xgb_clf,4957,122.0,4835.0,0.8393010324308747,0.237381735149643,0.0634089095651334,,,,,,
0,2,train,y,binary,xgb_clf,19830,491.0,19339.0,0.9863167081409211,0.63402669256458,0.050903089235643406,,,,,,
0,2,val,w_reg,regression,linreg,948,,,,,,0.051308016877637135,0.1703179772295103,-0.004129595555218746,0.029097279812281513,0.17057924789458276,0.08417530158110247
0,2,train,w_reg,regression,linreg,3769,,,,,,0.04577872114619263,0.1563172058893997,0.04159624793396255,0.023412448179867013,0.15301126814671856,0.07694932657484983
0,2,val,w_reg,regression,xgb_reg,948,,,,,,0.051308016877637135,0.1703179772295103,-0.05811347159654501,0.03066160373369471,0.17510455086517515,0.08286570665617846
0,2,train,w_reg,regression,xgb_reg,3769,,,,,,0.04577872114619263,0.1563172058893997,0.695821617269658,0.007430647686591263,0.08620120467018581,0.04407556936617691
0,3,val,y,binary,sparse_logistic,4957,122.0,4835.0,0.7269839117093596,0.16287949432823623,0.13060563623302646,,,,,,
0,3,train,y,binary,sparse_logistic,19830,491.0,19339.0,0.9213752293335471,0.2670806608562665,0.11931104002106271,,,,,,
0,3,val,y,binary,xgb_clf,4957,122.0,4835.0,0.8297082407988201,0.24354423846874373,0.06261869848083458,,,,,,
0,3,train,y,binary,xgb_clf,19830,491.0,19339.0,0.986499848506374,0.6322403429868289,0.05075760162645731,,,,,,
0,3,val,w_reg,regression,linreg,978,,,,,,0.04476482617586912,0.14901861118343016,-0.022502211509164427,0.022683025867533124,0.15060885056175524,0.07759365659755614
0,3,train,w_reg,regression,linreg,3739,,,,,,0.047445841133993055,0.16180488466565704,0.059825552907462276,0.024607955439967095,0.15686923037985204,0.07794207294218741
0,3,val,w_reg,regression,xgb_reg,978,,,,,,0.04476482617586912,0.14901861118343016,-0.11442791107586392,0.02472229091526827,0.15723323731090785,0.07920635388377097
0,3,train,w_reg,regression,xgb_reg,3739,,,,,,0.047445841133993055,0.16180488466565704,0.7044282707998584,0.007736240826331679,0.08795590273729034,0.044893502422798236
0,4,val,y,binary,sparse_logistic,4957,123.0,4834.0,0.7132775630611086,0.17998964024787356,0.1327603343778724,,,,,,
0,4,train,y,binary,sparse_logistic,19830,490.0,19340.0,0.9210223603402065,0.25568726029975697,0.12158261286132643,,,,,,
0,4,val,y,binary,xgb_clf,4957,123.0,4834.0,0.826616850156917,0.2565442809833441,0.06500457211572902,,,,,,
0,4,train,y,binary,xgb_clf,19830,490.0,19340.0,0.9862706033809594,0.6500640899794156,0.05295688129196929,,,,,,
0,4,val,w_reg,regression,linreg,899,,,,,,0.05116796440489433,0.17040719488433043,-0.010270849999368448,0.029304230523678334,0.17118478473181645,0.08260281396571865
0,4,train,w_reg,regression,linreg,3818,,,,,,0.045882661079099,0.15648439489441487,0.05984248085177457,0.023015951270132486,0.15171008954625426,0.07505964979193733
0,4,val,w_reg,regression,xgb_reg,899,,,,,,0.05116796440489433,0.17040719488433043,-0.08866904820265109,0.031578273046820975,0.17770276600779453,0.08560469314172653
0,4,train,w_reg,regression,xgb_reg,3818,,,,,,0.045882661079099,0.15648439489441487,0.7057347527914726,0.007203893445835597,0.08487575299127305,0.04344781646375815
1,-1,test,y,binary,sparse_logistic,2755,69.0,2686.0,0.6943491210463271,0.21913132438955676,0.13304572642050133,,,,,,
1,-1,train,y,binary,sparse_logistic,24787,613.0,24174.0,0.9088040472209975,0.24119812279364553,0.12701714745908932,,,,,,
1,-1,test,y,binary,xgb_clf,2755,69.0,2686.0,0.8387532778659068,0.35659043921649525,0.06604102174980672,,,,,,
1,-1,train,y,binary,xgb_clf,24787,613.0,24174.0,0.9826499180560296,0.5875650603320275,0.05732067856986855,,,,,,
1,-1,test,w_reg,regression,linreg,534,,,,,,0.04644194756554308,0.1667852969321568,0.020926178446488697,0.02718422245738333,0.16487638538427304,0.07983138973500287
1,-1,train,w_reg,regression,linreg,4716,,,,,,0.048015267175572515,0.159798005381863,0.04811050207898193,0.024301727356867676,0.15589011308247766,0.07847477096655074
1,-1,test,w_reg,regression,xgb_reg,534,,,,,,0.04644194756554308,0.1667852969321568,-0.10119168986814153,0.03057485473168821,0.17485666910841063,0.08386956200712252
1,-1,train,w_reg,regression,xgb_reg,4716,,,,,,0.048015267175572515,0.159798005381863,0.6521949145121655,0.008879459621434679,0.09423088464741632,0.048895469439368566
1,0,val,y,binary,sparse_logistic,4958,123.0,4835.0,0.7124574368804701,0.16994362551150144,0.12783188381289998,,,,,,
1,0,train,y,binary,sparse_logistic,19829,490.0,19339.0,0.9199817752221112,0.24146511014811042,0.12325608732756337,,,,,,
1,0,val,y,binary,xgb_clf,4958,123.0,4835.0,0.8470123842913715,0.2630708491253182,0.06273977245716793,,,,,,
1,0,train,y,binary,xgb_clf,19829,490.0,19339.0,0.9849719980034002,0.6036227482864946,0.05470763295822716,,,,,,
1,0,val,w_reg,regression,linreg,947,,,,,,0.049081309398099265,0.1647173911983447,-0.01560115036679166,0.027526009289152772,0.16590964194148805,0.08274161394020699
1,0,train,w_reg,regression,linreg,3769,,,,,,0.047747413106924916,0.1585592104917328,0.05417958537916512,0.023772583944884615,0.15418360465654127,0.07824823087255765
1,0,val,w_reg,regression,xgb_reg,947,,,,,,0.049081309398099265,0.1647173911983447,-0.049372464628969936,0.02844131891611793,0.16864554223612888,0.08290044037096062
1,0,train,w_reg,regression,xgb_reg,3769,,,,,,0.047747413106924916,0.1585592104917328,0.7008645907411426,0.007518574898115712,0.08670971628436869,0.04553498242444917
1,1,val,y,binary,sparse_logistic,4958,123.0,4835.0,0.6863310380777023,0.1481041023719546,0.1317182610482844,,,,,,
1,1,train,y,binary,sparse_logistic,19829,490.0,19339.0,0.9251609573970754,0.25309734164973946,0.11905330333486475,,,,,,
1,1,val,y,binary,xgb_clf,4958,123.0,4835.0,0.8146887952850573,0.2378465527016982,0.06587504054149544,,,,,,
1,1,train,y,binary,xgb_clf,19829,490.0,19339.0,0.9852797192096756,0.6086366417998036,0.052599705497230836,,,,,,
1,1,val,w_reg,regression,linreg,954,,,,,,0.04748427672955975,0.15392098879406965,-0.01094571822683732,0.02392588728131462,0.1546799511291448,0.08008077475751907
1,1,train,w_reg,regression,linreg,3762,,,,,,0.048149920255183415,0.16127394606899054,0.049698105944401605,0.02471010335673271,0.1571944762284372,0.0795688558807958
1,1,val,w_reg,regression,xgb_reg,954,,,,,,0.04748427672955975,0.15392098879406965,-0.04103633123764028,0.024638036907295418,0.1569650818089661,0.0767636741399631
1,1,train,w_reg,regression,xgb_reg,3762,,,,,,0.048149920255183415,0.16127394606899054,0.7010979538597297,0.007772162193788964,0.08815986725142548,0.04565374325352128
1,2,val,y,binary,sparse_logistic,4957,122.0,4835.0,0.7406920168850764,0.17688342659206266,0.1257053603467581,,,,,,
1,2,train,y,binary,sparse_logistic,19830,491.0,19339.0,0.9221660818777501,0.24831993990085802,0.12204647238171976,,,,,,
1,2,val,y,binary,xgb_clf,4957,122.0,4835.0,0.8355519012663808,0.24099273478742214,0.05684506939090147,,,,,,
1,2,train,y,binary,xgb_clf,19830,491.0,19339.0,0.9883021856049146,0.6659410611771105,0.048184703142474784,,,,,,
1,2,val,w_reg,regression,linreg,958,,,,,,0.04665970772442589,0.1576589147525741,-0.06606794280372985,0.026470879942781897,0.16269873983157307,0.08437948208893328
1,2,train,w_reg,regression,linreg,3758,,,,,,0.04836083022884513,0.1603576840328404,-0.019564848561566484,0.02621071232501095,0.16189722766314113,0.0835849128693477
1,2,val,w_reg,regression,xgb_reg,958,,,,,,0.04665970772442589,0.1576589147525741,-0.02531535337862878,0.025458977362546504,0.15955869566572203,0.07998690992327001
1,2,train,w_reg,regression,xgb_reg,3758,,,,,,0.04836083022884513,0.1603576840328404,0.6869586001494312,0.008047588232252125,0.08970835096161407,0.04666485914783952
1,3,val,y,binary,sparse_logistic,4957,122.0,4835.0,0.7141446420397715,0.1926887259307748,0.1397387757650124,,,,,,
1,3,train,y,binary,sparse_logistic,19830,491.0,19339.0,0.9200311117462691,0.24560455252720864,0.12285001166888089,,,,,,
1,3,val,y,binary,xgb_clf,4957,122.0,4835.0,0.8406004712902844,0.2193955277590161,0.0682277980903479,,,,,,
1,3,train,y,binary,xgb_clf,19830,491.0,19339.0,0.9858139936300011,0.6248778687653563,0.052707133889907276,,,,,,
1,3,val,w_reg,regression,linreg,928,,,,,,0.05017241379310345,0.17134272830635716,-0.0203809903028338,0.0299244014858282,0.1729867089860611,0.08478429605068381
1,3,train,w_reg,regression,linreg,3788,,,,,,0.04748680042238648,0.1568595906210295,0.05669105710663491,0.023203924354191927,0.15232834389630817,0.077036131988963
1,3,val,w_reg,regression,xgb_reg,928,,,,,,0.05017241379310345,0.17134272830635716,-0.02698803247361181,0.030118164192533943,0.17354585616641482,0.08505204343534584
1,3,train,w_reg,regression,xgb_reg,3788,,,,,,0.04748680042238648,0.1568595906210295,0.689900928712359,0.007627952058201782,0.08733814778320972,0.04614092957856724
1,4,val,y,binary,sparse_logistic,4957,123.0,4834.0,0.7397827381252713,0.20106558601843788,0.13446639691941092,,,,,,
1,4,train,y,binary,sparse_logistic,19830,490.0,19340.0,0.9175033239769538,0.23642571210365904,0.12547001187016835,,,,,,
1,4,val,y,binary,xgb_clf,4957,123.0,4834.0,0.8557028298872149,0.277548893552467,0.0638501622071656,,,,,,
1,4,train,y,binary,xgb_clf,19830,490.0,19340.0,0.9855127366355022,0.6395668324977056,0.05386105325989556,,,,,,
1,4,val,w_reg,regression,linreg,929,,,,,,0.04671689989235738,0.1509413227533034,-0.05936330965030567,0.024109793611974503,0.15527328685892658,0.08050177621804538
1,4,train,w_reg,regression,linreg,3787,,,,,,0.04833377343543703,0.16191421795281422,0.055575290001113165,0.02475270232462448,0.15732991554254544,0.079110412016267
1,4,val,w_reg,regression,xgb_reg,929,,,,,,0.04671689989235738,0.1509413227533034,-0.15909709294173813,0.026379610689263668,0.16241801220697066,0.08364899642639019
1,4,train,w_reg,regression,xgb_reg,3787,,,,,,0.04833377343543703,0.16191421795281422,0.7102177682737296,0.007594986921608794,0.08714922215148449,0.04499906098639689
2,-1,test,y,binary,sparse_logistic,2754,68.0,2686.0,0.7288390784459726,0.1457141424949147,0.14442289188623153,,,,,,
2,-1,train,y,binary,sparse_logistic,24788,614.0,24174.0,0.9098345491387226,0.2630108084382647,0.12633412706705252,,,,,,
2,-1,test,y,binary,xgb_clf,2754,68.0,2686.0,0.8209835311637685,0.2256007187667174,0.0735256769265916,,,,,,
2,-1,train,y,binary,xgb_clf,24788,614.0,24174.0,0.9827688253107425,0.5909268487446466,0.058041643122303435,,,,,,
2,-1,test,w_reg,regression,linreg,550,,,,,,0.04749090909090909,0.15627457885833687,-0.05234463770671227,0.025653363900259653,0.1601666753736858,0.08629175357805056
2,-1,train,w_reg,regression,linreg,4700,,,,,,0.047897872340425536,0.16101113716270835,-0.0007425537171574792,0.025938316723091367,0.16105376966433094,0.08543359126664223
2,-1,test,w_reg,regression,xgb_reg,550,,,,,,0.04749090909090909,0.15627457885833687,-0.07122694730731571,0.02611366439698404,0.16159722892730569,0.08025891127272256
2,-1,train,w_reg,regression,xgb_reg,4700,,,,,,0.047897872340425536,0.16101113716270835,0.6550996982602013,0.008939495209019708,0.09454890379597063,0.048513293544786736
2,0,val,y,binary,sparse_logistic,4958,123.0,4835.0,0.7434408656392666,0.21352002569525572,0.13890893941991223,,,,,,
2,0,train,y,binary,sparse_logistic,19830,491.0,19339.0,0.9190392155231417,0.2564363426264155,0.12451947328969805,,,,,,
2,0,val,y,binary,xgb_clf,4958,123.0,4835.0,0.8712866042827956,0.3015998693483055,0.06410038524698072,,,,,,
2,0,train,y,binary,xgb_clf,19830,491.0,19339.0,0.9869111508049804,0.6538417664822888,0.05247984017911521,,,,,,
2,0,val,w_reg,regression,linreg,964,,,,,,0.04670124481327801,0.15675681756488236,-0.040768984610403125,0.025547974306880383,0.1598373370238643,0.08018528422704004
2,0,train,w_reg,regression,linreg,3736,,,,,,0.048206638115631695,0.16210990411079093,0.056391660674459554,0.024791032048267915,0.15745168163048598,0.07945447550155223
2,0,val,w_reg,regression,xgb_reg,964,,,,,,0.04670124481327801,0.15675681756488236,-0.08498058220256621,0.026633245655328118,0.16319695357244912,0.08039330098218093
2,0,train,w_reg,regression,xgb_reg,3736,,,,,,0.048206638115631695,0.16210990411079093,0.713467811098053,0.0075279418185365075,0.08676371256773484,0.04518851685063203
2,1,val,y,binary,sparse_logistic,4958,123.0,4835.0,0.7241859409286957,0.24611400900755914,0.12397978648007546,,,,,,
2,1,train,y,binary,sparse_logistic,19830,491.0,19339.0,0.9202830218981747,0.25074074787198225,0.12282819034641707,,,,,,
2,1,val,y,binary,xgb_clf,4958,123.0,4835.0,0.8411128206421672,0.3079385712897684,0.05807937448319027,,,,,,
2,1,train,y,binary,xgb_clf,19830,491.0,19339.0,0.9845681336395994,0.5930775528651849,0.05500624012791012,,,,,,
2,1,val,w_reg,regression,linreg,934,,,,,,0.04732334047109208,0.1636438907861091,-0.02210342349417682,0.027341932314894762,0.16535396068705085,0.08138276719498175
2,1,train,w_reg,regression,linreg,3766,,,,,,0.04804036112586299,0.1603731851959965,0.05805912496565335,0.024219870566611047,0.15562734517626087,0.07752681189262672
2,1,val,w_reg,regression,xgb_reg,934,,,,,,0.04732334047109208,0.1636438907861091,-0.05437918516765783,0.028205329962141777,0.16794442521900443,0.07994316762756659
2,1,train,w_reg,regression,xgb_reg,3766,,,,,,0.04804036112586299,0.1603731851959965,0.6880567518213236,0.008020912241164052,0.08955954578471272,0.04646530570452392
2,2,val,y,binary,sparse_logistic,4958,123.0,4835.0,0.7213668961922297,0.22351541090913546,0.1267114744050132,,,,,,
2,2,train,y,binary,sparse_logistic,19830,491.0,19339.0,0.9241668298149988,0.25848326938992383,0.12051236915070541,,,,,,
2,2,val,y,binary,xgb_clf,4958,123.0,4835.0,0.8268359943165098,0.29662399933802447,0.06413118621641246,,,,,,
2,2,train,y,binary,xgb_clf,19830,491.0,19339.0,0.9863296090579814,0.6354042220253167,0.05223008502860408,,,,,,
2,2,val,w_reg,regression,linreg,929,,,,,,0.056189451022604954,0.17778968183273564,-0.013874075301403721,0.03201322197794342,0.17892239093512982,0.08925839570594551
2,2,train,w_reg,regression,linreg,3771,,,,,,0.0458552108194113,0.15656010188640337,0.056920358836085705,0.023109756949808342,0.15201893615536302,0.07541455777953235
2,2,val,w_reg,regression,xgb_reg,929,,,,,,0.056189451022604954,0.17778968183273564,-0.049616482596781974,0.03314179370755674,0.1820488772488222,0.08858543965158387
2,2,train,w_reg,regression,xgb_reg,3771,,,,,,0.0458552108194113,0.15656010188640337,0.7091909447699829,0.00712614957616396,0.08441652430753092,0.04360404284226404
2,3,val,y,binary,sparse_logistic,4957,122.0,4835.0,0.7175623442453423,0.14969847417231893,0.12773550883989263,,,,,,
2,3,train,y,binary,sparse_logistic,19831,492.0,19339.0,0.9243734069534707,0.27847393635014195,0.11890693785844637,,,,,,
2,3,val,y,binary,xgb_clf,4957,122.0,4835.0,0.8194178378286741,0.20836691800297477,0.0618239957140241,,,,,,
2,3,train,y,binary,xgb_clf,19831,492.0,19339.0,0.9873133799723125,0.6694074190230226,0.04943175611793209,,,,,,
2,3,val,w_reg,regression,linreg,940,,,,,,0.04785106382978723,0.1611356764621014,-0.030923513417468573,0.02673914997229544,0.16352109947127752,0.08279498240415084
2,3,train,w_reg,regression,linreg,3760,,,,,,0.0479095744680851,0.1610014294865308,0.05501930292323898,0.02448876491840244,0.15648886515788413,0.07937204420778583
2,3,val,w_reg,regression,xgb_reg,940,,,,,,0.04785106382978723,0.1611356764621014,-0.08352730865405467,0.02810353903863872,0.16764110187731027,0.08350496412455347
2,3,train,w_reg,regression,xgb_reg,3760,,,,,,0.0479095744680851,0.1610014294865308,0.7180993005900265,0.007305334362425928,0.08547124874731811,0.044309813279101475
2,4,val,y,binary,sparse_logistic,4957,123.0,4834.0,0.7541508151945401,0.15910780101529454,0.13362480884956351,,,,,,
2,4,train,y,binary,sparse_logistic,19831,491.0,19340.0,0.9179436159032176,0.27062926131050474,0.1236480784919675,,,,,,
2,4,val,y,binary,xgb_clf,4957,123.0,4834.0,0.8477930714350587,0.23893034548902703,0.06594843323392524,,,,,,
2,4,train,y,binary,xgb_clf,19831,491.0,19340.0,0.9856855140196757,0.6246417712114202,0.0531325307571325,,,,,,
2,4,val,w_reg,regression,linreg,933,,,,,,0.0415005359056806,0.14410110322393882,-0.019419699806884294,0.0211456919908839,0.1454155837277556,0.07621925020963753
2,4,train,w_reg,regression,linreg,3767,,,,,,0.04948234669498274,0.1649110951329337,0.05664782070790986,0.02564828341534373,0.160150814594693,0.08059571014254897
2,4,val,w_reg,regression,xgb_reg,933,,,,,,0.0415005359056806,0.14410110322393882,-0.1327846785117115,0.023497207193797387,0.15328798776746136,0.07928645400844873
2,4,train,w_reg,regression,xgb_reg,3767,,,,,,0.04948234669498274,0.1649110951329337,0.7051438573054483,0.008016681447919038,0.08953592266749161,0.04686380956172642
3,-1,test,y,binary,sparse_logistic,2754,68.0,2686.0,0.7166736016819237,0.2432864814383715,0.1351800630841151,,,,,,
3,-1,train,y,binary,sparse_logistic,24788,614.0,24174.0,0.9119509236644534,0.24457355415432347,0.12465488735981403,,,,,,
3,-1,test,y,binary,xgb_clf,2754,68.0,2686.0,0.8067539748587447,0.2721163226427499,0.07043896159971252,,,,,,
3,-1,train,y,binary,xgb_clf,24788,614.0,24174.0,0.9825208942549793,0.5983653824874049,0.05790426849113406,,,,,,
3,-1,test,w_reg,regression,linreg,514,,,,,,0.047782101167315176,0.16419020726717562,-0.05371380922844593,0.02835119832119531,0.16837814086512332,0.08866582949120362
3,-1,train,w_reg,regression,linreg,4736,,,,,,0.047863175675675676,0.1601197910448045,0.013026783564772715,0.02529901929869587,0.15905665436785682,0.08271746768628725
3,-1,test,w_reg,regression,xgb_reg,514,,,,,,0.047782101167315176,0.16419020726717562,-0.08277026484375138,0.02913299061474391,0.17068389090580255,0.08359803397668678
3,-1,train,w_reg,regression,xgb_reg,4736,,,,,,0.047863175675675676,0.1601197910448045,0.6474448199597911,0.009037023654914749,0.09506326133115121,0.04860628812285681
3,0,val,y,binary,sparse_logistic,4958,123.0,4835.0,0.7185991373874441,0.14729727253778288,0.13077121386588886,,,,,,
3,0,train,y,binary,sparse_logistic,19830,491.0,19339.0,0.9260352512029709,0.25562368881905345,0.11859881698743877,,,,,,
3,0,val,y,binary,xgb_clf,4958,123.0,4835.0,0.8393329465869632,0.24529486407951143,0.06020453438797198,,,,,,
3,0,train,y,binary,xgb_clf,19830,491.0,19339.0,0.9866366508840182,0.6392899295387569,0.05104826509871078,,,,,,
3,0,val,w_reg,regression,linreg,1001,,,,,,0.04251748251748252,0.14602758624333945,-0.014772441351866394,0.021617446863010415,0.14702872801942624,0.07585303943727041
3,0,train,w_reg,regression,linreg,3735,,,,,,0.049295850066934405,0.1636792820149215,0.06112721441513813,0.02514651935005155,0.15857654098274293,0.08021075792772224
3,0,val,w_reg,regression,xgb_reg,1001,,,,,,0.04251748251748252,0.14602758624333945,-0.07772569272770102,0.022958524439632307,0.15152070630653855,0.07453373578198784
3,0,train,w_reg,regression,xgb_reg,3735,,,,,,0.049295850066934405,0.1636792820149215,0.7068040274504285,0.00785288306389894,0.08861649431059063,0.04635069476522801
3,1,val,y,binary,sparse_logistic,4958,123.0,4835.0,0.7897117058037177,0.28920297160596387,0.12836162595518472,,,,,,
3,1,train,y,binary,sparse_logistic,19830,491.0,19339.0,0.9171598415198692,0.21837768778046504,0.12532725920336835,,,,,,
3,1,val,y,binary,xgb_clf,4958,123.0,4835.0,0.8632355537619493,0.3472261191665788,0.06366256950509638,,,,,,
3,1,train,y,binary,xgb_clf,19830,491.0,19339.0,0.9850815901386022,0.6027603050055803,0.05479708674900353,,,,,,
3,1,val,w_reg,regression,linreg,928,,,,,,0.04883620689655172,0.16455865298855293,-0.010742694769227956,0.02734096358887819,0.16535103141159474,0.0818665669028294
3,1,train,w_reg,regression,linreg,3808,,,,,,0.04762605042016806,0.15904044706431178,0.06203753337781215,0.023718464658023474,0.15400800192854744,0.07757786307806745
3,1,val,w_reg,regression,xgb_reg,928,,,,,,0.04883620689655172,0.16455865298855293,-0.0648647231602344,0.028804984467043025,0.16972031247627087,0.08288247428332209
3,1,train,w_reg,regression,xgb_reg,3808,,,,,,0.04762605042016806,0.15904044706431178,0.7121584240451715,0.0072787136898777045,0.08531537780422534,0.044322239960438464
3,2,val,y,binary,sparse_logistic,4958,123.0,4835.0,0.7161432979376329,0.13640684055755284,0.13243583368827375,,,,,,
3,2,train,y,binary,sparse_logistic,19830,491.0,19339.0,0.9267346915348605,0.2607358253663889,0.11703494630894101,,,,,,
3,2,val,y,binary,xgb_clf,4958,123.0,4835.0,0.8361078181619457,0.22160266262294026,0.0647562368546466,,,,,,
3,2,train,y,binary,xgb_clf,19830,491.0,19339.0,0.9861405711304435,0.6419695936115609,0.049997728847127214,,,,,,
3,2,val,w_reg,regression,linreg,923,,,,,,0.04528710725893824,0.15473649463801165,0.0022620419654668655,0.023863339689063786,0.15447763491542646,0.07757528936674059
3,2,train,w_reg,regression,linreg,3813,,,,,,0.048486755835300294,0.16140952505955178,0.05631555005030686,0.024579395895550013,0.1567781741683134,0.07912384332965404
3,2,val,w_reg,regression,xgb_reg,923,,,,,,0.04528710725893824,0.15473649463801165,-0.019750736216484155,0.024389829033310755,0.15617243365367256,0.07620822961419801
3,2,train,w_reg,regression,xgb_reg,3813,,,,,,0.048486755835300294,0.16140952505955178,0.7022510982762402,0.007755228067309624,0.08806377272925357,0.04553342559671346
3,3,val,y,binary,sparse_logistic,4957,122.0,4835.0,0.7119094037669317,0.15960349977115873,0.12986543718874663,,,,,,
3,3,train,y,binary,sparse_logistic,19831,492.0,19339.0,0.9218137598021101,0.25357924460921194,0.12189292368576846,,,,,,
3,3,val,y,binary,xgb_clf,4957,122.0,4835.0,0.842900130537237,0.2545039098157048,0.06644227284479053,,,,,,
3,3,train,y,binary,xgb_clf,19831,492.0,19339.0,0.9843009639310935,0.6084287741019067,0.055178706530345345,,,,,,
3,3,val,w_reg,regression,linreg,924,,,,,,0.04510822510822511,0.1564970315555125,-0.03738840954709022,0.025379515654620623,0.1593094964357763,0.08141092554879781
3,3,train,w_reg,regression,linreg,3812,,,,,,0.04853095487932844,0.16099873066131212,0.0604572605647169,0.02434711469186867,0.1560356199457953,0.07924715134492076
3,3,val,w_reg,regression,xgb_reg,924,,,,,,0.04510822510822511,0.1564970315555125,-0.05012190680752715,0.025691038311019317,0.16028424224177285,0.07834000517267492
3,3,train,w_reg,regression,xgb_reg,3812,,,,,,0.04853095487932844,0.16099873066131212,0.7051273591423953,0.007641268145789145,0.08741434748248794,0.04511963627508044
3,4,val,y,binary,sparse_logistic,4957,123.0,4834.0,0.7106454618538738,0.17042162573125674,0.13105456726676876,,,,,,
3,4,train,y,binary,sparse_logistic,19831,491.0,19340.0,0.9262449004521933,0.25234611598398526,0.11807677212006934,,,,,,
3,4,val,y,binary,xgb_clf,4957,123.0,4834.0,0.8179325980268489,0.24137528041287326,0.06548605968788934,,,,,,
3,4,train,y,binary,xgb_clf,19831,491.0,19340.0,0.9860637809421711,0.6399267587880862,0.0524645750161709,,,,,,
3,4,val,w_reg,regression,linreg,960,,,,,,0.05762500000000001,0.17732629297833696,-0.008126951818744566,0.03166714204267781,0.1779526398867907,0.08903453577767746
3,4,train,w_reg,regression,linreg,3776,,,,,,0.045381355932203396,0.15536963049063585,0.06028076966328355,0.02267855348859106,0.1505940021667233,0.0748289991777698
3,4,val,w_reg,regression,xgb_reg,960,,,,,,0.05762500000000001,0.17732629297833696,-0.05982048645644933,0.03329093208331408,0.18245802827859914,0.08860126587767199
3,4,train,w_reg,regression,xgb_reg,3776,,,,,,0.045381355932203396,0.15536963049063585,0.7190305753037969,0.006780727605572485,0.08234517354145587,0.042387468086310096
4,-1,test,y,binary,sparse_logistic,2754,68.0,2686.0,0.7644266567386448,0.2501979396076484,0.1320330977201316,,,,,,
4,-1,train,y,binary,sparse_logistic,24788,614.0,24174.0,0.9064851892185565,0.23967582307377036,0.1270164569965699,,,,,,
4,-1,test,y,binary,xgb_clf,2754,68.0,2686.0,0.8768943541675792,0.34482258384100517,0.063132567741261,,,,,,
4,-1,train,y,binary,xgb_clf,24788,614.0,24174.0,0.9817421347241188,0.5781508163772224,0.05802986453183495,,,,,,
4,-1,test,w_reg,regression,linreg,526,,,,,,0.05064638783269962,0.15967335841312852,-0.03347932711515944,0.026299062843136965,0.1621698579981402,0.08219309244758162
4,-1,train,w_reg,regression,linreg,4724,,,,,,0.04754445385266723,0.16061331455499553,0.05101818838151473,0.024475356972602457,0.15644601935684543,0.0782154725755389
4,-1,test,w_reg,regression,xgb_reg,526,,,,,,0.05064638783269962,0.15967335841312852,-0.033402628015486435,0.026297111072657,0.16216384021309127,0.08032964634209094
4,-1,train,w_reg,regression,xgb_reg,4724,,,,,,0.04754445385266723,0.16061331455499553,0.6484582314960079,0.009066675640749006,0.0952190928372509,0.04881065003741041
4,0,val,y,binary,sparse_logistic,4958,123.0,4835.0,0.7147190623922786,0.12970797266674064,0.1268437751311861,,,,,,
4,0,train,y,binary,sparse_logistic,19830,491.0,19339.0,0.9228352972039553,0.26265404115761964,0.12037713266276352,,,,,,
4,0,val,y,binary,xgb_clf,4958,123.0,4835.0,0.7915907887103689,0.19086352095629702,0.061163380749808365,,,,,,
4,0,train,y,binary,xgb_clf,19830,491.0,19339.0,0.9872976517487484,0.6371750693036438,0.048931219447867734,,,,,,
4,0,val,w_reg,regression,linreg,935,,,,,,0.04744385026737968,0.16035890822010795,-0.02359910594080894,0.026293678279938937,0.16215325553296467,0.07993241416308333
4,0,train,w_reg,regression,linreg,3789,,,,,,0.04756927949326999,0.1606971620609353,0.06345096161074504,0.024178664081743635,0.15549490050076767,0.07787466873164839
4,0,val,w_reg,regression,xgb_reg,935,,,,,,0.04744385026737968,0.16035890822010795,-0.07409031194575832,0.027590669962478595,0.16610439477171757,0.07978828521814685
4,0,train,w_reg,regression,xgb_reg,3789,,,,,,0.04756927949326999,0.1606971620609353,0.7089541820085214,0.007513860755988999,0.08668252855096578,0.04476860638885979
4,1,val,y,binary,sparse_logistic,4958,123.0,4835.0,0.7417013477270243,0.18341212662605105,0.13595060877250761,,,,,,
4,1,train,y,binary,sparse_logistic,19830,491.0,19339.0,0.9166019953348179,0.22969711341199078,0.12479785292567822,,,,,,
4,1,val,y,binary,xgb_clf,4958,123.0,4835.0,0.8495338024734953,0.33335131151366354,0.06629739479712188,,,,,,
4,1,train,y,binary,xgb_clf,19830,491.0,19339.0,0.9848721740277896,0.6143661906762486,0.05329925444662492,,,,,,
4,1,val,w_reg,regression,linreg,940,,,,,,0.04870212765957447,0.16146169585599887,-0.04315314984017293,0.027165945913543443,0.16482095107583697,0.08336990697119147
4,1,train,w_reg,regression,linreg,3784,,,,,,0.04725687103594081,0.1604219969594972,0.06734825113987508,0.023995652221513463,0.1549053008179948,0.07699516446538365
4,1,val,w_reg,regression,xgb_reg,940,,,,,,0.04870212765957447,0.16146169585599887,-0.05787097778320338,0.027549229727551448,0.1659796063603943,0.08114529593928346
4,1,train,w_reg,regression,xgb_reg,3784,,,,,,0.04725687103594081,0.1604219969594972,0.7087834550917792,0.007492540427130474,0.08655946180014334,0.04469980817280311
4,2,val,y,binary,sparse_logistic,4958,123.0,4835.0,0.7424134654997016,0.2198346398341873,0.1317431037063651,,,,,,
4,2,train,y,binary,sparse_logistic,19830,491.0,19339.0,0.914069782271486,0.23335874398953763,0.12467719056256149,,,,,,
4,2,val,y,binary,xgb_clf,4958,123.0,4835.0,0.8530969135958164,0.2566906264304163,0.06115845271238011,,,,,,
4,2,train,y,binary,xgb_clf,19830,491.0,19339.0,0.9856759801458572,0.6429623445384137,0.0523232205916251,,,,,,
4,2,val,w_reg,regression,linreg,907,,,,,,0.04416758544652701,0.1538320180096265,-0.04175265446649146,0.024625156594122465,0.15692404721432107,0.07884806874354987
4,2,train,w_reg,regression,linreg,3817,,,,,,0.04834686926905948,0.16219219254679373,0.05820801259448971,0.024768578737458084,0.15738036325240223,0.0794137194729465
4,2,val,w_reg,regression,xgb_reg,907,,,,,,0.04416758544652701,0.1538320180096265,-0.08919822757570084,0.025746684494726193,0.1604577342938825,0.07826078236490874
4,2,train,w_reg,regression,xgb_reg,3817,,,,,,0.04834686926905948,0.16219219254679373,0.6983195406128755,0.00793401973239043,0.08907311453177345,0.046070022752926834
4,3,val,y,binary,sparse_logistic,4957,122.0,4835.0,0.7217632698730228,0.1876613051974272,0.1293458845046646,,,,,,
4,3,train,y,binary,sparse_logistic,19831,492.0,19339.0,0.9171632095218516,0.2388798034646149,0.12476369347334419,,,,,,
4,3,val,y,binary,xgb_clf,4957,122.0,4835.0,0.8140547917337719,0.254591682012618,0.062164421920475076,,,,,,
4,3,train,y,binary,xgb_clf,19831,492.0,19339.0,0.9854364595406645,0.6227319127622534,0.053954324250702006,,,,,,
4,3,val,w_reg,regression,linreg,954,,,,,,0.042683438155136276,0.15024125543803157,-0.03075836084907757,0.023242337329906042,0.15245437786402213,0.0783751257983831
4,3,train,w_reg,regression,linreg,3770,,,,,,0.04877453580901857,0.163129498597482,0.06186292493894363,0.02495836257188579,0.15798215903033416,0.08003155276689194
4,3,val,w_reg,regression,xgb_reg,954,,,,,,0.042683438155136276,0.15024125543803157,-0.09960571348692215,0.024794760725202737,0.15746352188746046,0.07746826033009277
4,3,train,w_reg,regression,xgb_reg,3770,,,,,,0.04877453580901857,0.163129498597482,0.6992320133797519,0.008001684039185523,0.08945213266985602,0.04662298180232656
4,4,val,y,binary,sparse_logistic,4957,123.0,4834.0,0.6823003387253568,0.13377219931028123,0.1362976684273055,,,,,,
4,4,train,y,binary,sparse_logistic,19831,491.0,19340.0,0.9245614968081096,0.2567276827123326,0.1193786498827528,,,,,,
4,4,val,y,binary,xgb_clf,4957,123.0,4834.0,0.8177164798127089,0.23601092288911607,0.06596507469937896,,,,,,
4,4,train,y,binary,xgb_clf,19831,491.0,19340.0,0.9864979138452854,0.6361116756220909,0.05158386682617807,,,,,,
4,4,val,w_reg,regression,linreg,988,,,,,,0.05433198380566802,0.17523774300870212,0.027531848717377905,0.029832585707639782,0.1727211211972635,0.08522586133127451
4,4,train,w_reg,regression,linreg,3736,,,,,,0.04574946466809422,0.15649345419068691,0.04538078254116129,0.02337255899602849,0.15288086536917722,0.07570011698072517
4,4,val,w_reg,regression,xgb_reg,988,,,,,,0.05433198380566802,0.17523774300870212,-0.013271149685499584,0.031084306851799665,0.17630742143142944,0.08575041845279202
4,4,train,w_reg,regression,xgb_reg,3736,,,,,,0.04574946466809422,0.15649345419068691,0.6889759413421752,0.0076150029532353085,0.08726398428467101,0.044140369714610495
5,-1,test,y,binary,sparse_logistic,2754,68.0,2686.0,0.7430795847750865,0.22889787370795953,0.12968012464794607,,,,,,
5,-1,train,y,binary,sparse_logistic,24788,614.0,24174.0,0.9079544165279465,0.24129551243568012,0.12702369853073012,,,,,,
5,-1,test,y,binary,xgb_clf,2754,68.0,2686.0,0.8520761245674741,0.29866913774867027,0.06115764994512539,,,,,,
5,-1,train,y,binary,xgb_clf,24788,614.0,24174.0,0.9822359082859906,0.5876555619483451,0.05863505489293392,,,,,,
5,-1,test,w_reg,regression,linreg,528,,,,,,0.04496212121212122,0.16080088481933108,0.030395915033138987,0.025023496760721364,0.15818816883926992,0.07993523687448804
5,-1,train,w_reg,regression,linreg,4722,,,,,,0.048178737822956376,0.16048785581162062,0.04845511905145672,0.02450313452472541,0.15653477097669197,0.07819420794863688
5,-1,test,w_reg,regression,xgb_reg,528,,,,,,0.04496212121212122,0.16080088481933108,0.002012478310086885,0.025756015164789047,0.16048680682470148,0.07871817910186082
5,-1,train,w_reg,regression,xgb_reg,4722,,,,,,0.048178737822956376,0.16048785581162062,0.6335808013850526,0.009435623159628623,0.09713713584221342,0.0498767458528603
5,0,val,y,binary,sparse_logistic,4958,123.0,4835.0,0.735355344246307,0.17942644495849058,0.12991344599904073,,,,,,
5,0,train,y,binary,sparse_logistic,19830,491.0,19339.0,0.9180505313650782,0.2492289463399129,0.12339105904549526,,,,,,
5,0,val,y,binary,xgb_clf,4958,123.0,4835.0,0.8059701868993872,0.2423822299474205,0.06752640450756393,,,,,,
5,0,train,y,binary,xgb_clf,19830,491.0,19339.0,0.9852067027056857,0.6207643490614396,0.0547404998583258,,,,,,
5,0,val,w_reg,regression,linreg,906,,,,,,0.0606401766004415,0.18759079922298416,-0.012037274825887012,0.03557459441705,0.18861228596528382,0.09006047132015885
5,0,train,w_reg,regression,linreg,3816,,,,,,0.04522012578616352,0.15323032380968313,0.0538763219504409,0.022208719881602345,0.1490259033913311,0.07387074835930386
5,0,val,w_reg,regression,xgb_reg,906,,,,,,0.0606401766004415,0.18759079922298416,-0.05728926846831062,0.037165268358055885,0.19278295660679107,0.09160221359158559
5,0,train,w_reg,regression,xgb_reg,3816,,,,,,0.04522012578616352,0.15323032380968313,0.7004368373343703,0.007031759716872194,0.08385558846536224,0.04323492043387223
5,1,val,y,binary,sparse_logistic,4958,123.0,4835.0,0.7137244516188699,0.18430927787011672,0.13271288253409963,,,,,,
5,1,train,y,binary,sparse_logistic,19830,491.0,19339.0,0.9189838732217929,0.24057129492376003,0.12319730553105884,,,,,,
5,1,val,y,binary,xgb_clf,4958,123.0,4835.0,0.8493009138984875,0.2551265167551297,0.06417717971740024,,,,,,
5,1,train,y,binary,xgb_clf,19830,491.0,19339.0,0.9853307094798782,0.6196563494208671,0.054050458797682666,,,,,,
5,1,val,w_reg,regression,linreg,962,,,,,,0.05070686070686071,0.16686283079978453,0.002899141611696132,0.027733623780476724,0.16653415199434837,0.08181997091592659
5,1,train,w_reg,regression,linreg,3760,,,,,,0.04753191489361703,0.15883211045328197,0.04998183720297866,0.023960341423507458,0.15479128342225043,0.07780642613505033
5,1,val,w_reg,regression,xgb_reg,962,,,,,,0.05070686070686071,0.16686283079978453,-0.02208359004899485,0.028428500005943165,0.1686075324709521,0.08281202268547892
5,1,train,w_reg,regression,xgb_reg,3760,,,,,,0.04753191489361703,0.15883211045328197,0.6902644901587365,0.007811817560341171,0.08838448710232566,0.04587941417869451
5,2,val,y,binary,sparse_logistic,4958,123.0,4835.0,0.7062980805609504,0.20966540038779063,0.13134776481595767,,,,,,
5,2,train,y,binary,sparse_logistic,19830,491.0,19339.0,0.9229579875580396,0.23592397670367837,0.12203219303002406,,,,,,
5,2,val,y,binary,xgb_clf,4958,123.0,4835.0,0.8231837633784816,0.27952557775358894,0.06293577421547317,,,,,,
5,2,train,y,binary,xgb_clf,19830,491.0,19339.0,0.9868574935213701,0.6241793117690579,0.05070146237055757,,,,,,
5,2,val,w_reg,regression,linreg,963,,,,,,0.041121495327102804,0.1435037823034348,-0.08976234116476411,0.022418537452453965,0.14972821194569166,0.08045943903635223
5,2,train,w_reg,regression,linreg,3759,,,,,,0.049986698590050546,0.1645261062306956,0.0503536911659922,0.025698985166444543,0.16030903020867085,0.08276099918655462
5,2,val,w_reg,regression,xgb_reg,963,,,,,,0.041121495327102804,0.1435037823034348,-0.1933954771950872,0.024550473245837923,0.1566859063407999,0.07994411518160621
5,2,train,w_reg,regression,xgb_reg,3759,,,,,,0.049986698590050546,0.1645261062306956,0.7094294760354783,0.007863314494781561,0.08867533194063364,0.04656872040670615
5,3,val,y,binary,sparse_logistic,4957,122.0,4835.0,0.7063937816807093,0.13040987508788682,0.1300388285997334,,,,,,
5,3,train,y,binary,sparse_logistic,19831,492.0,19339.0,0.9238804374832102,0.2606141561151776,0.11882069591933894,,,,,,
5,3,val,y,binary,xgb_clf,4957,122.0,4835.0,0.8191491345550714,0.17988618662287031,0.06477118693689622,,,,,,
5,3,train,y,binary,xgb_clf,19831,492.0,19339.0,0.9850586791844441,0.6122314173311216,0.053148756173805364,,,,,,
5,3,val,w_reg,regression,linreg,912,,,,,,0.03721491228070175,0.12942720163787932,-0.04531060105305329,0.01749121653187968,0.13225436299751958,0.07386081569419618
5,3,train,w_reg,regression,linreg,3810,,,,,,0.05080314960629921,0.1669765283796508,0.05208264232004667,0.026422099737356913,0.16254876110680425,0.08313075330771331
5,3,val,w_reg,regression,xgb_reg,912,,,,,,0.03721491228070175,0.12942720163787932,-0.0904139877762129,0.01824593297950887,0.13507750730417284,0.07071756799295065
5,3,train,w_reg,regression,xgb_reg,3810,,,,,,0.05080314960629921,0.1669765283796508,0.6845883407322702,0.008791735114856876,0.0937642528624682,0.0492774700290997
5,4,val,y,binary,sparse_logistic,4957,123.0,4834.0,0.7315963147219391,0.19524028755765388,0.1345635250335963,,,,,,
5,4,train,y,binary,sparse_logistic,19831,491.0,19340.0,0.9167169337632715,0.23620325568928757,0.125672442404294,,,,,,
5,4,val,y,binary,xgb_clf,4957,123.0,4834.0,0.852857974173453,0.2797413821037098,0.0630765102372654,,,,,,
5,4,train,y,binary,xgb_clf,19831,491.0,19340.0,0.985757123570705,0.6267126640639785,0.05342172704085055,,,,,,
5,4,val,w_reg,regression,linreg,979,,,,,,0.051317671092951996,0.16800830210123172,0.005400329729184916,0.028045679040601557,0.16746844192444604,0.08301788750834253
5,4,train,w_reg,regression,linreg,3743,,,,,,0.047357734437616886,0.1584749675427548,0.05127801160156664,0.023820137567759414,0.15433773863757178,0.07657612783708437
5,4,val,w_reg,regression,xgb_reg,979,,,,,,0.051317671092951996,0.16800830210123172,-0.07222691481049415,0.03023460876804992,0.173881018998768,0.08509741573253009
5,4,train,w_reg,regression,xgb_reg,3743,,,,,,0.047357734437616886,0.1584749675427548,0.6836980262055603,0.007941585228204066,0.08911557231036597,0.04564041082595261
6,-1,test,y,binary,sparse_logistic,2754,68.0,2686.0,0.7093069729753405,0.1763831984963521,0.12982907878729602,,,,,,
6,-1,train,y,binary,sparse_logistic,24788,614.0,24174.0,0.9114895899947961,0.2550059734800054,0.12427132891054053,,,,,,
6,-1,test,y,binary,xgb_clf,2754,68.0,2686.0,0.8346628487582675,0.24003021390017953,0.06503526294859038,,,,,,
6,-1,train,y,binary,xgb_clf,24788,614.0,24174.0,0.9836397168303954,0.6123054090238281,0.05554365848621646,,,,,,
6,-1,test,w_reg,regression,linreg,531,,,,,,0.052919020715630885,0.1713948080381533,-0.033412396116325294,0.03030053796606093,0.1740704971155679,0.08488081542743466
6,-1,train,w_reg,regression,linreg,4719,,,,,,0.04728544183089638,0.15924440499903264,0.054066393101331434,0.0239826395055429,0.15486329295718498,0.07775341326581216
6,-1,test,w_reg,regression,xgb_reg,531,,,,,,0.052919020715630885,0.1713948080381533,-0.08689891418180462,0.031868808559104046,0.17851837036872156,0.08400882430902465
6,-1,train,w_reg,regression,xgb_reg,4719,,,,,,0.04728544183089638,0.15924440499903264,0.6660462145795647,0.008466866161472249,0.09201557564604075,0.04736163635685382
6,0,val,y,binary,sparse_logistic,4958,123.0,4835.0,0.7753735045106398,0.2159242384157605,0.13049214790434002,,,,,,
6,0,train,y,binary,sparse_logistic,19830,491.0,19339.0,0.9154513915034455,0.24368874655702502,0.12495878858162332,,,,,,
6,0,val,y,binary,xgb_clf,4958,123.0,4835.0,0.8735162811814261,0.3068803747199505,0.06179739597274888,,,,,,
6,0,train,y,binary,xgb_clf,19830,491.0,19339.0,0.9862268229759329,0.6287074030176217,0.05168607395272082,,,,,,
6,0,val,w_reg,regression,linreg,923,,,,,,0.0523726977248104,0.16063561313800917,-0.024092692831350515,0.026396853247845808,0.16247108434378657,0.08308571209426754
6,0,train,w_reg,regression,linreg,3796,,,,,,0.04604847207586934,0.158900974359737,0.06567654038451642,0.023585003798069416,0.15357409872133196,0.07576418803720189
6,0,val,w_reg,regression,xgb_reg,923,,,,,,0.0523726977248104,0.16063561313800917,-0.09541955241242861,0.02823536323641526,0.1680338157527087,0.08496736949248977
6,0,train,w_reg,regression,xgb_reg,3796,,,,,,0.04604847207586934,0.158900974359737,0.719728615661441,0.007074853570342207,0.08411214876783381,0.0431641640306835
6,1,val,y,binary,sparse_logistic,4958,123.0,4835.0,0.7238437544665002,0.18633936194554457,0.13294299897635445,,,,,,
6,1,train,y,binary,sparse_logistic,19830,491.0,19339.0,0.9234923488083607,0.25762615086940505,0.12016812225236527,,,,,,
6,1,val,y,binary,xgb_clf,4958,123.0,4835.0,0.8297819927527093,0.26492317385318837,0.06341360655314447,,,,,,
6,1,train,y,binary,xgb_clf,19830,491.0,19339.0,0.9868555978764143,0.6313839181233925,0.050775884590011665,,,,,,
6,1,val,w_reg,regression,linreg,957,,,,,,0.056635318704284225,0.1835652430565146,-0.01475643389260406,0.03415770436709711,0.18481803041666986,0.08801160185524849
6,1,train,w_reg,regression,linreg,3762,,,,,,0.04490696438064859,0.15237568973079046,0.05825605005964196,0.02185992914807901,0.14785103702064117,0.07346131639207522
6,1,val,w_reg,regression,xgb_reg,957,,,,,,0.056635318704284225,0.1835652430565146,-0.07345814644471127,0.03613366202178827,0.1900885636270322,0.08955657015113579
6,1,train,w_reg,regression,xgb_reg,3762,,,,,,0.04490696438064859,0.15237568973079046,0.7222537045777775,0.006447096728846227,0.0802938150099136,0.04127020202357242
6,2,val,y,binary,sparse_logistic,4958,123.0,4835.0,0.6975584533508209,0.15916030964238026,0.12074787443676643,,,,,,
6,2,train,y,binary,sparse_logistic,19830,491.0,19339.0,0.925012445435703,0.2722787337922228,0.11853577259129178,,,,,,
6,2,val,y,binary,xgb_clf,4958,123.0,4835.0,0.8334569240211533,0.23450892098375148,0.057998922993301054,,,,,,
6,2,train,y,binary,xgb_clf,19830,491.0,19339.0,0.9862543098277922,0.6570352079993791,0.05070845424483244,,,,,,
6,2,val,w_reg,regression,linreg,972,,,,,,0.040740740740740744,0.1499806601561413,-0.024308108938310147,0.023017285124502105,0.15171448554604833,0.07962596080239111
6,2,train,w_reg,regression,linreg,3747,,,,,,0.04898318654923939,0.1615366231029704,0.05231951286791414,0.024722251377615977,0.15723311158154943,0.08102970467713838
6,2,val,w_reg,regression,xgb_reg,972,,,,,,0.040740740740740744,0.1499806601561413,-0.004593949729678082,0.022574287144172495,0.15024741975878486,0.07523263610836568
6,2,train,w_reg,regression,xgb_reg,3747,,,,,,0.04898318654923939,0.1615366231029704,0.7103547039847187,0.007556010612926901,0.08692531629466126,0.046017901516747575
6,3,val,y,binary,sparse_logistic,4957,122.0,4835.0,0.7327877328902979,0.19487941364182007,0.13622090800519804,,,,,,
6,3,train,y,binary,sparse_logistic,19831,492.0,19339.0,0.9250405263890272,0.2580597635728529,0.11939911417542144,,,,,,
6,3,val,y,binary,xgb_clf,4957,122.0,4835.0,0.8219446657738145,0.2437637364282467,0.06547720317820856,,,,,,
6,3,train,y,binary,xgb_clf,19831,492.0,19339.0,0.9869687059764233,0.6439293958335572,0.0490649784523558,,,,,,
6,3,val,w_reg,regression,linreg,913,,,,,,0.046440306681270534,0.1585644584905365,-0.03524754397990759,0.026000396273259424,0.1612463837525029,0.0820400579117018
6,3,train,w_reg,regression,linreg,3806,,,,,,0.04748817656332108,0.15942718337350367,0.05238950071453474,0.02407911317274941,0.1551744604396916,0.07989349568856825
6,3,val,w_reg,regression,xgb_reg,913,,,,,,0.046440306681270534,0.1585644584905365,-0.06325085084702531,0.02670370349648417,0.1634126785059353,0.07918190822512118
6,3,train,w_reg,regression,xgb_reg,3806,,,,,,0.04748817656332108,0.15942718337350367,0.7181981497769141,0.0071606832648312985,0.08462082051617852,0.044171963920812615
6,4,val,y,binary,sparse_logistic,4957,123.0,4834.0,0.7037179060247367,0.1577720429361967,0.1260362849607283,,,,,,
6,4,train,y,binary,sparse_logistic,19831,491.0,19340.0,0.9268382592981843,0.2652765795284346,0.1164576390731931,,,,,,
6,4,val,y,binary,xgb_clf,4957,123.0,4834.0,0.8076598349765044,0.2238959833716734,0.0628562426612155,,,,,,
6,4,train,y,binary,xgb_clf,19831,491.0,19340.0,0.9873709711729434,0.6611562215128155,0.04984765531298691,,,,,,
6,4,val,w_reg,regression,linreg,954,,,,,,0.040461215932914046,0.13997375359201264,-0.02926880101878715,0.020144966643551223,0.14193296531655789,0.07524646623790325
6,4,train,w_reg,regression,linreg,3765,,,,,,0.049014608233731743,0.16373954542037347,0.05805819652651989,0.025247353815793433,0.15889415916198252,0.0805925380943385
6,4,val,w_reg,regression,xgb_reg,954,,,,,,0.040461215932914046,0.13997375359201264,-0.15146398782106485,0.022536584809474295,0.1501218998330167,0.07644326406907555
6,4,train,w_reg,regression,xgb_reg,3765,,,,,,0.049014608233731743,0.16373954542037347,0.7163635495192695,0.007602454625047749,0.08719205597442779,0.04529548672697251
7,-1,test,y,binary,sparse_logistic,2754,68.0,2686.0,0.7577361920196225,0.24840710050006598,0.1331132713226345,,,,,,
7,-1,train,y,binary,sparse_logistic,24788,614.0,24174.0,0.9086986476169379,0.25266300024384314,0.12632165643163182,,,,,,
7,-1,test,y,binary,xgb_clf,2754,68.0,2686.0,0.8493878936533661,0.3430944466264873,0.06422667611052336,,,,,,
7,-1,train,y,binary,xgb_clf,24788,614.0,24174.0,0.9825333581803369,0.5765568366688915,0.05764360555457455,,,,,,
7,-1,test,w_reg,regression,linreg,538,,,,,,0.04368029739776952,0.1519060341913629,0.004932099355111297,0.022918953230151036,0.15139006978712652,0.07695350542041336
7,-1,train,w_reg,regression,linreg,4712,,,,,,0.048331918505942276,0.16146832681526316,0.04568206243667794,0.02487571654585364,0.15772037454258608,0.07898638622000409
7,-1,test,w_reg,regression,xgb_reg,538,,,,,,0.04368029739776952,0.1519060341913629,0.008522505266572833,0.0228362570190596,0.15111670000056115,0.07420842689788315
7,-1,train,w_reg,regression,xgb_reg,4712,,,,,,0.048331918505942276,0.16146832681526316,0.6376526218955939,0.009445123385056748,0.09718602463861123,0.049645678648528715
7,0,val,y,binary,sparse_logistic,4958,123.0,4835.0,0.6983546464213349,0.1986641009639607,0.13200115663867082,,,,,,
7,0,train,y,binary,sparse_logistic,19830,491.0,19339.0,0.9265997848021722,0.2629352097774678,0.11767966661133515,,,,,,
7,0,val,y,binary,xgb_clf,4958,123.0,4835.0,0.8226482037312618,0.2742785376669392,0.06312879837477638,,,,,,
7,0,train,y,binary,xgb_clf,19830,491.0,19339.0,0.9868929842074872,0.6452403953886965,0.05002707945945605,,,,,,
7,0,val,w_reg,regression,linreg,936,,,,,,0.047371794871794874,0.15704195636591795,-0.13036872957162848,0.027847569124159685,0.16687590935830038,0.09617734975786482
7,0,train,w_reg,regression,linreg,3776,,,,,,0.04856991525423728,0.16256640215789472,-0.034219616920678986,0.027324947107503897,0.16530259256135063,0.09325382191914734
7,0,val,w_reg,regression,xgb_reg,936,,,,,,0.047371794871794874,0.15704195636591795,-0.06591616079690765,0.026259726752702824,0.1620485320905525,0.08108715522078198
7,0,train,w_reg,regression,xgb_reg,3776,,,,,,0.04856991525423728,0.16256640215789472,0.6923086560621212,0.008129462602510434,0.09016353255341338,0.04610944361845814
7,1,val,y,binary,sparse_logistic,4958,123.0,4835.0,0.7730076256295138,0.22122580297639216,0.13006814794988383,,,,,,
7,1,train,y,binary,sparse_logistic,19830,491.0,19339.0,0.9132484414375771,0.24612370128451333,0.1263291709232268,,,,,,
7,1,val,y,binary,xgb_clf,4958,123.0,4835.0,0.8797462607511288,0.3165417486315839,0.0611693292655566,,,,,,
7,1,train,y,binary,xgb_clf,19830,491.0,19339.0,0.9856642903352962,0.6279783558131632,0.05442670935886961,,,,,,
7,1,val,w_reg,regression,linreg,923,,,,,,0.055752979414951255,0.17662094563620087,0.0021183236171323783,0.031095151659213685,0.17633817414052377,0.08529791936270271
7,1,train,w_reg,regression,linreg,3789,,,,,,0.04652414885193983,0.1575286995862727,0.0453025828998429,0.023684841808717664,0.15389880379235463,0.07613752887113077
7,1,val,w_reg,regression,xgb_reg,923,,,,,,0.055752979414951255,0.17662094563620087,-0.04917690421742349,0.032693570516538664,0.1808136347639156,0.08644727317942634
7,1,train,w_reg,regression,xgb_reg,3789,,,,,,0.04652414885193983,0.1575286995862727,0.7092133791408709,0.007214050223430629,0.084935565126928,0.04424566666607566
7,2,val,y,binary,sparse_logistic,4958,123.0,4835.0,0.696718541125432,0.1521267259612226,0.1321766755224267,,,,,,
7,2,train,y,binary,sparse_logistic,19830,491.0,19339.0,0.9208710404321061,0.2620236079391337,0.12326027285181543,,,,,,
7,2,val,y,binary,xgb_clf,4958,123.0,4835.0,0.8164173834085807,0.22615098446153628,0.06623100899525983,,,,,,
7,2,train,y,binary,xgb_clf,19830,491.0,19339.0,0.9870779675610917,0.6360385395823039,0.052018272380512265,,,,,,
7,2,val,w_reg,regression,linreg,963,,,,,,0.0508411214953271,0.1676436259876643,-0.016665247018474272,0.02854308129551299,0.16894697776377354,0.08360508273478486
7,2,train,w_reg,regression,linreg,3749,,,,,,0.04768738330221393,0.15986023913017666,0.04058882484663784,0.02451149673221838,0.15656147908160034,0.07934898464802617
7,2,val,w_reg,regression,xgb_reg,963,,,,,,0.0508411214953271,0.1676436259876643,-0.04555739379561774,0.029354234127460743,0.17133077402340988,0.08373705251685927
7,2,train,w_reg,regression,xgb_reg,3749,,,,,,0.04768738330221393,0.15986023913017666,0.6851448510579271,0.008044070315505858,0.08968874129736606,0.04644179044643919
7,3,val,y,binary,sparse_logistic,4957,122.0,4835.0,0.7214131927373828,0.18712475050965702,0.1315719845476053,,,,,,
7,3,train,y,binary,sparse_logistic,19831,492.0,19339.0,0.9212032364777861,0.24865366192382288,0.12208124529488858,,,,,,
7,3,val,y,binary,xgb_clf,4957,122.0,4835.0,0.8354840897146829,0.2751808770468306,0.06510109056469238,,,,,,
7,3,train,y,binary,xgb_clf,19831,492.0,19339.0,0.9851342983154222,0.6125666487229571,0.054785290749282206,,,,,,
7,3,val,w_reg,regression,linreg,898,,,,,,0.043630289532293996,0.14902344789473765,-0.05201363070808207,0.02333708928825506,0.15276481691886734,0.0803171643826339
7,3,train,w_reg,regression,linreg,3814,,,,,,0.049438909281594126,0.16426025615107362,0.05995369381937232,0.025357145070529913,0.15923926987564943,0.08002538601203182
7,3,val,w_reg,regression,xgb_reg,898,,,,,,0.043630289532293996,0.14902344789473765,-0.17172757550293283,0.02599273455479619,0.1612226242026726,0.08443131753698796
7,3,train,w_reg,regression,xgb_reg,3814,,,,,,0.049438909281594126,0.16426025615107362,0.6863103622656086,0.008461576412624659,0.0919868273864506,0.047312528844151706
7,4,val,y,binary,sparse_logistic,4957,123.0,4834.0,0.723961539367152,0.1920266097172528,0.12824441602577782,,,,,,
7,4,train,y,binary,sparse_logistic,19831,491.0,19340.0,0.9191817766329611,0.2610630652882282,0.12139093439845255,,,,,,
7,4,val,y,binary,xgb_clf,4957,123.0,4834.0,0.8369518417981036,0.21631208527241466,0.06306839840457959,,,,,,
7,4,train,y,binary,xgb_clf,19831,491.0,19340.0,0.9862157406217815,0.6405154664091127,0.0513379971170777,,,,,,
7,4,val,w_reg,regression,linreg,992,,,,,,0.04415322580645162,0.15546709902610828,-0.04777010266746751,0.025299094308951678,0.1590568901649711,0.08186684619132129
7,4,train,w_reg,regression,linreg,3720,,,,,,0.04944623655913979,0.16303360627579896,0.05595165710299321,0.02508601878128225,0.1583856646962794,0.08006575886234242
7,4,val,w_reg,regression,xgb_reg,992,,,,,,0.04415322580645162,0.15546709902610828,-0.10938405579741128,0.026786803499177055,0.16366674524526068,0.08187041510555021
7,4,train,w_reg,regression,xgb_reg,3720,,,,,,0.04944623655913979,0.16303360627579896,0.6975444518813457,0.008037094305281085,0.08964984275101148,0.046570368655422266
8,-1,test,y,binary,sparse_logistic,2754,68.0,2686.0,0.7245658315448293,0.11704950740752268,0.14234573813521287,,,,,,
8,-1,train,y,binary,sparse_logistic,24788,614.0,24174.0,0.9085138783450818,0.26177027179394946,0.12463925815806755,,,,,,
8,-1,test,y,binary,xgb_clf,2754,68.0,2686.0,0.8529439139766108,0.19535138984454198,0.07145564518997745,,,,,,
8,-1,train,y,binary,xgb_clf,24788,614.0,24174.0,0.9834369927687674,0.6112896169325568,0.055889748679344174,,,,,,
8,-1,test,w_reg,regression,linreg,498,,,,,,0.04742971887550201,0.1508774473039327,-0.008849145693099914,0.02291933074023195,0.15139131659455224,0.07874436958068345
8,-1,train,w_reg,regression,linreg,4752,,,,,,0.04789983164983165,0.16149783037203247,0.0480465807147461,0.02482319511950653,0.1575537848466565,0.07874142526024921
8,-1,test,w_reg,regression,xgb_reg,498,,,,,,0.04742971887550201,0.1508774473039327,-0.008859332661092623,0.02291956217075817,0.1513920809380668,0.07843370106535141
8,-1,train,w_reg,regression,xgb_reg,4752,,,,,,0.04789983164983165,0.16149783037203247,0.642922689025686,0.009311169626050853,0.09649440204514899,0.04950312462373882
8,0,val,y,binary,sparse_logistic,4958,123.0,4835.0,0.7711419947705165,0.23407899215237704,0.1321458520598021,,,,,,
8,0,train,y,binary,sparse_logistic,19830,491.0,19339.0,0.9198105323929389,0.25591327715307155,0.12182100928425887,,,,,,
8,0,val,y,binary,xgb_clf,4958,123.0,4835.0,0.8533743620786776,0.3244656083201975,0.06342890602334844,,,,,,
8,0,train,y,binary,xgb_clf,19830,491.0,19339.0,0.9866605044163789,0.6537091656793362,0.05150729869872594,,,,,,
8,0,val,w_reg,regression,linreg,947,,,,,,0.048933474128827883,0.16826946202059337,-0.06811032488551105,0.0302111935381658,0.17381367477320592,0.0863130348866536
8,0,train,w_reg,regression,linreg,3805,,,,,,0.047642575558475696,0.15978968326098375,0.05961329046364905,0.024004341769571898,0.1549333462156288,0.07918779598231307
8,0,val,w_reg,regression,xgb_reg,947,,,,,,0.048933474128827883,0.16826946202059337,-0.09420408291631821,0.03094924798407829,0.17592398353856784,0.0846779302857309
8,0,train,w_reg,regression,xgb_reg,3805,,,,,,0.047642575558475696,0.15978968326098375,0.7115867580998896,0.007362045804383891,0.08580236479482306,0.04470389117996417
8,1,val,y,binary,sparse_logistic,4958,123.0,4835.0,0.7091776595118588,0.187869048685636,0.12384944466164757,,,,,,
8,1,train,y,binary,sparse_logistic,19830,491.0,19339.0,0.9254415457341723,0.2594759232516687,0.11805628876719791,,,,,,
8,1,val,y,binary,xgb_clf,4958,123.0,4835.0,0.806862225809435,0.25158294396913733,0.05696660929719509,,,,,,
8,1,train,y,binary,xgb_clf,19830,491.0,19339.0,0.9873180299320232,0.6408131017841643,0.04911829280443566,,,,,,
8,1,val,w_reg,regression,linreg,970,,,,,,0.05208247422680412,0.17331823007767191,-0.006548063693951001,0.030204736491609964,0.1737950991587794,0.0867334348297457
8,1,train,w_reg,regression,linreg,3782,,,,,,0.04682707562136436,0.15833045642668217,0.05298015023815805,0.023734121557288993,0.15405882498996606,0.07696800170191487
8,1,val,w_reg,regression,xgb_reg,970,,,,,,0.05208247422680412,0.17331823007767191,-0.04754163023648017,0.031434881300318136,0.17729884743087906,0.08581953550924273
8,1,train,w_reg,regression,xgb_reg,3782,,,,,,0.04682707562136436,0.15833045642668217,0.6927937770984018,0.00769917318980776,0.08774493255913848,0.04527498230326785
8,2,val,y,binary,sparse_logistic,4958,123.0,4835.0,0.7158339008415937,0.15186648990347829,0.13048935020554608,,,,,,
8,2,train,y,binary,sparse_logistic,19830,491.0,19339.0,0.9200087852612341,0.2666284953163884,0.12116948340632568,,,,,,
8,2,val,y,binary,xgb_clf,4958,123.0,4835.0,0.840657132527892,0.2930138061761467,0.06400565506923067,,,,,,
8,2,train,y,binary,xgb_clf,19830,491.0,19339.0,0.9850023943048928,0.6182010923576481,0.05341656345376659,,,,,,
8,2,val,w_reg,regression,linreg,943,,,,,,0.045068928950159064,0.15182181183007082,-0.03513786675439068,0.023834483546742946,0.15438420756911292,0.07844778217509595
8,2,train,w_reg,regression,linreg,3809,,,,,,0.04860068259385666,0.16381661326967845,0.055637463011878996,0.02533614894695015,0.15917332988585164,0.08040799915673194
8,2,val,w_reg,regression,xgb_reg,943,,,,,,0.045068928950159064,0.15182181183007082,-0.09148012042716203,0.025131787569018384,0.15853008411345268,0.07886063459291284
8,2,train,w_reg,regression,xgb_reg,3809,,,,,,0.04860068259385666,0.16381661326967845,0.701945818691361,0.007996447165281771,0.08942285594456136,0.04621419597790836
8,3,val,y,binary,sparse_logistic,4957,122.0,4835.0,0.7006416668079407,0.17352416049775735,0.1329679548509485,,,,,,
8,3,train,y,binary,sparse_logistic,19831,492.0,19339.0,0.9230663888675187,0.2661405802680924,0.11846240505023345,,,,,,
8,3,val,y,binary,xgb_clf,4957,122.0,4835.0,0.8095478664790547,0.2151197358466756,0.0638632895731038,,,,,,
8,3,train,y,binary,xgb_clf,19831,492.0,19339.0,0.987269553457208,0.649143385108745,0.04961441962743924,,,,,,
8,3,val,w_reg,regression,linreg,952,,,,,,0.04852941176470588,0.15783345578473945,-0.03165941317252563,0.02567308418039899,0.16022822529254635,0.08175119698869393
8,3,train,w_reg,regression,linreg,3800,,,,,,0.0477421052631579,0.16242294405908192,0.0556464845091017,0.02490663490691865,0.1578183604873611,0.07803871225193143
8,3,val,w_reg,regression,xgb_reg,952,,,,,,0.04852941176470588,0.15783345578473945,-0.08234854371128564,0.026934494970371776,0.16411732075065014,0.08060064190282694
8,3,train,w_reg,regression,xgb_reg,3800,,,,,,0.0477421052631579,0.16242294405908192,0.6962282271883371,0.00801175885549022,0.08950842896336758,0.04563965688380604
8,4,val,y,binary,sparse_logistic,4957,123.0,4834.0,0.7172122600415082,0.24291194540446653,0.1262355526064228,,,,,,
8,4,train,y,binary,sparse_logistic,19831,491.0,19340.0,0.9203481698494302,0.2610908373047431,0.12155954659286787,,,,,,
8,4,val,y,binary,xgb_clf,4957,123.0,4834.0,0.8492806711269429,0.31794270022006293,0.06132234166276815,,,,,,
8,4,train,y,binary,xgb_clf,19831,491.0,19340.0,0.9865801068667241,0.6486665640303301,0.051346870245034926,,,,,,
8,4,val,w_reg,regression,linreg,940,,,,,,0.04474468085106383,0.15507337479116334,-0.019048938684717243,0.024479765676272202,0.15646010889767462,0.07929384506977301
8,4,train,w_reg,regression,linreg,3812,,,,,,0.04867785939139559,0.16305349907651442,0.05607747141944597,0.025088959731252525,0.1583949485660844,0.07958407041340174
8,4,val,w_reg,regression,xgb_reg,940,,,,,,0.04474468085106383,0.15507337479116334,-0.0791469586125928,0.025923450458811875,0.16100760994068533,0.08133697968933785
8,4,train,w_reg,regression,xgb_reg,3812,,,,,,0.04867785939139559,0.16305349907651442,0.7033950918469682,0.007883601006889425,0.08878964470527757,0.046172307176995046
9,-1,test,y,binary,sparse_logistic,2754,68.0,2686.0,0.7605065481144058,0.2174674543410183,0.12592948426224437,,,,,,
9,-1,train,y,binary,sparse_logistic,24788,614.0,24174.0,0.9072980392695844,0.25440973511137654,0.12667062058859646,,,,,,
9,-1,test,y,binary,xgb_clf,2754,68.0,2686.0,0.8736695720730586,0.30465039443488456,0.06595871741879682,,,,,,
9,-1,train,y,binary,xgb_clf,24788,614.0,24174.0,0.9834424499468969,0.5945253321346455,0.05643542872736452,,,,,,
9,-1,test,w_reg,regression,linreg,498,,,,,,0.040361445783132534,0.14984052515051582,-0.0666356427005268,0.023900209667057637,0.15459692644764203,0.0765063855165698
9,-1,train,w_reg,regression,linreg,4752,,,,,,0.048640572390572394,0.1615787312809655,0.055550218374457616,0.024652209874930855,0.15701022219884556,0.07890896317723084
9,-1,test,w_reg,regression,xgb_reg,498,,,,,,0.040361445783132534,0.14984052515051582,-0.1709618277547127,0.02623785674797312,0.16198103823587848,0.0785116345020657
9,-1,train,w_reg,regression,xgb_reg,4752,,,,,,0.048640572390572394,0.1615787312809655,0.6529305448814049,0.009059273679999447,0.09518021685202996,0.04915893568509361
9,0,val,y,binary,sparse_logistic,4958,123.0,4835.0,0.670875476076374,0.15303203106941282,0.13301711209540457,,,,,,
9,0,train,y,binary,sparse_logistic,19830,491.0,19339.0,0.9266044712577572,0.2674676598853097,0.11844717741553769,,,,,,
9,0,val,y,binary,xgb_clf,4958,123.0,4835.0,0.7974373849219363,0.2030175819145945,0.06598723369729596,,,,,,
9,0,train,y,binary,xgb_clf,19830,491.0,19339.0,0.9875187576701216,0.6466063652742606,0.04949603190908259,,,,,,
9,0,val,w_reg,regression,linreg,909,,,,,,0.04783278327832783,0.1594685232051643,-0.031039205031295092,0.02619069900993152,0.1618354071578019,0.08374602397102597
9,0,train,w_reg,regression,linreg,3843,,,,,,0.048831641946396054,0.16209380744931226,0.04664840821320848,0.025042225346026178,0.15824735494164247,0.07999340420947033
9,0,val,w_reg,regression,xgb_reg,909,,,,,,0.04783278327832783,0.1594685232051643,-0.08726097216319428,0.027618857486905568,0.16618922193363073,0.08438638104661493
9,0,train,w_reg,regression,xgb_reg,3843,,,,,,0.048831641946396054,0.16209380744931226,0.7125106688333018,0.007551644826187983,0.08690020038059741,0.045452115589536976
9,1,val,y,binary,sparse_logistic,4958,123.0,4835.0,0.7158624864428582,0.21600751955726766,0.13074013881328564,,,,,,
9,1,train,y,binary,sparse_logistic,19830,491.0,19339.0,0.9170226178877903,0.2541891474842222,0.12298578862983214,,,,,,
9,1,val,y,binary,xgb_clf,4958,123.0,4835.0,0.8633482146610505,0.2826573428217564,0.057106166246381936,,,,,,
9,1,train,y,binary,xgb_clf,19830,491.0,19339.0,0.9863857938681995,0.6440929446515952,0.0506994845938988,,,,,,
9,1,val,w_reg,regression,linreg,942,,,,,,0.04925690021231423,0.16594712494823508,-0.0035361869477437136,0.02760649198145648,0.1661520146776935,0.08729398728555934
9,1,train,w_reg,regression,linreg,3810,,,,,,0.04848818897637795,0.16050220800214446,0.03401030903534408,0.024878289155650393,0.15772852993561562,0.08300445545836306
9,1,val,w_reg,regression,xgb_reg,942,,,,,,0.04925690021231423,0.16594712494823508,-0.0021253521704631684,0.02756768102528696,0.16603518008327922,0.08453846139571396
9,1,train,w_reg,regression,xgb_reg,3810,,,,,,0.04848818897637795,0.16050220800214446,0.6907234732520777,0.007965168710865231,0.08924779387113853,0.04688608187300239
9,2,val,y,binary,sparse_logistic,4958,123.0,4835.0,0.7221605670038087,0.12908229599869492,0.13005599317137326,,,,,,
9,2,train,y,binary,sparse_logistic,19830,491.0,19339.0,0.922807810352096,0.2719274198498838,0.12072456618431258,,,,,,
9,2,val,y,binary,xgb_clf,4958,123.0,4835.0,0.8313886716943695,0.2153091314675552,0.0585549875344402,,,,,,
9,2,train,y,binary,xgb_clf,19830,491.0,19339.0,0.988650720992762,0.6751465611227591,0.04651154785433254,,,,,,
9,2,val,w_reg,regression,linreg,989,,,,,,0.05828109201213347,0.18116994352726584,-0.019337731694013982,0.033423432687562885,0.18282076656540658,0.08925503240783368
9,2,train,w_reg,regression,linreg,3763,,,,,,0.04610682965718842,0.155949583122039,0.06732389988673215,0.022676909000053112,0.1505885420609852,0.07514133145755003
9,2,val,w_reg,regression,xgb_reg,989,,,,,,0.05828109201213347,0.18116994352726584,-0.06347129996703504,0.03487054418218386,0.18673656359209317,0.089744674441284
9,2,train,w_reg,regression,xgb_reg,3763,,,,,,0.04610682965718842,0.155949583122039,0.721539836384697,0.006770427364523713,0.0822826066949979,0.042125499308509555
9,3,val,y,binary,sparse_logistic,4957,122.0,4835.0,0.7676038788207572,0.2753608644400231,0.12572090930801438,,,,,,
9,3,train,y,binary,sparse_logistic,19831,492.0,19339.0,0.9145924743672691,0.23820476756794376,0.1259456779414534,,,,,,
9,3,val,y,binary,xgb_clf,4957,122.0,4835.0,0.8528082458846865,0.31976222331330195,0.06299909931254527,,,,,,
9,3,train,y,binary,xgb_clf,19831,492.0,19339.0,0.9852178524629239,0.6306196581607054,0.05498500177066072,,,,,,
9,3,val,w_reg,regression,linreg,954,,,,,,0.038322851153039836,0.1314720776448632,-0.07683660500409584,0.01859351028336558,0.1363580224385994,0.07382027676106437
9,3,train,w_reg,regression,linreg,3798,,,,,,0.051232227488151656,0.16821267842174092,0.0651201741679065,0.026445932001769087,0.1626220526305368,0.08376330479765688
9,3,val,w_reg,regression,xgb_reg,954,,,,,,0.038322851153039836,0.1314720776448632,-0.20056263395769536,0.020729861500419527,0.1439786841876933,0.07449204208465962
9,3,train,w_reg,regression,xgb_reg,3798,,,,,,0.051232227488151656,0.16821267842174092,0.7060719960006394,0.00831465156525785,0.09118471124732397,0.04744468132942419
9,4,val,y,binary,sparse_logistic,4957,123.0,4834.0,0.7299590300412727,0.2184795180261573,0.13428705895741164,,,,,,
9,4,train,y,binary,sparse_logistic,19831,491.0,19340.0,0.9189546269247698,0.256187603777295,0.12266840339260125,,,,,,
9,4,val,y,binary,xgb_clf,4957,123.0,4834.0,0.8259592453185599,0.2104689327835975,0.06367828700153524,,,,,,
9,4,train,y,binary,xgb_clf,19831,491.0,19340.0,0.9864560538503823,0.6328129127190307,0.050699597023136214,,,,,,
9,4,val,w_reg,regression,linreg,958,,,,,,0.049123173277661795,0.16462954666100169,-0.03672277115209077,0.028068850731382527,0.16753760990112795,0.08211065809411582
9,4,train,w_reg,regression,linreg,3794,,,,,,0.04851871375856615,0.16082101768362236,0.06183980975376113,0.024257616645719765,0.15574856867952194,0.07935669204503942
9,4,val,w_reg,regression,xgb_reg,958,,,,,,0.049123173277661795,0.16462954666100169,-0.061274101266164616,0.02873356808823485,0.1695097875883126,0.08123718109292755
9,4,train,w_reg,regression,xgb_reg,3794,,,,,,0.04851871375856615,0.16082101768362236,0.6996624799347922,0.007765701957738966,0.0881232203096265,0.04600625072833215
